subj,tokprodfr,exchprodfr,price,exp1,exp1cond,exp2,exp2cond,exp3,exp3cond,exp4,exp4cond,exp5,exp5cond,exp6,exp6cond,exp7,exp7cond,freetoken,wage,intrft,intcrit,taxloss,taxcrit,tokprodresp,exchprodresp,tokexchresp,rft,tokennum,inttok,taxtok
1,1,100,1,1,1,,,,,,,,,,,,,,,,,,,82,1600,82,82,19,,
1,1,100,1,1,1,,,,,,,,,,,,,,,,,,,92,1100,92,92,5,,
1,1,100,1,1,1,,,,,,,,,,,,,,,,,,,76,1200,76,76,1,,
1,1,100,1,1,1,,,,,,,,,,,,,,,,,,,69,1800,69,69,0,,
1,1,100,1,1,1,,,,,,,,,,,,,,,,,,,76,1300,76,76,4,,
1,10,100,1,1,3,,,,,,,,,,,,,,,,,,,340,2500,34,34,1,,
1,10,100,1,1,3,,,,,,,,,,,,,,,,,,,280,2000,28,28,1,,
1,10,100,1,1,3,,,,,,,,,,,,,,,,,,,320,2800,32,32,1,,
1,10,100,1,1,3,,,,,,,,,,,,,,,,,,,430,3800,43,43,1,,
1,10,100,1,1,3,,,,,,,,,,,,,,,,,,,420,4000,42,42,0,,
1,5,100,1,1,2,,,,,,,5,2,,,,,,,,,,,285,3000,57,57,0,,
1,5,100,1,1,2,,,,,,,5,2,,,,,,,,,,,265,2800,53,53,0,,
1,5,100,1,1,2,,,,,,,5,2,,,,,,,,,,,340,3300,68,68,4,,
1,5,100,1,1,2,,,,,,,5,2,,,,,,,,,,,350,3200,70,70,1,,
1,5,100,1,1,2,,,,,,,5,2,,,,,,,,,,,325,3300,65,65,1,,
1,5,50,1,,,,,,,,,5,1,,,,,,,,,,,90,4300,90,90,1,,
1,5,50,1,,,,,,,,,5,1,,,,,,,,,,,101,3850,101,101,0,,
1,5,50,1,,,,,,,,,5,1,,,,,,,,,,,92,3500,92,92,1,,
1,5,50,1,,,,,,,,,5,1,,,,,,,,,,,103,3100,103,103,1,,
1,5,50,1,,,,,,,,,5,1,,,,,,,,,,,88,3250,88,88,0,,
1,5,200,1,,,,,,,,,5,3,,,,,,,,,,,21,1000,21,21,3,,
1,5,200,1,,,,,,,,,5,3,,,,,,,,,,,28,1200,28,28,1,,
1,5,200,1,,,,,,,,,5,3,,,,,,,,,,,46,1600,46,46,11,,
1,5,200,1,,,,,,,,,5,3,,,,,,,,,,,56,1800,56,56,5,,
1,5,200,1,,,,,,,,,5,3,,,,,,,,,,,47,2200,47,47,1,,
1,1,200,1,,,,,3,1,,,,,,,,,,,,,,,135,2200,135,135,0,,
1,1,200,1,,,,,3,1,,,,,,,,,,,,,,,120,2800,120,120,0,,
1,1,200,1,,,,,3,1,,,,,,,,,,,,,,,122,1400,122,122,0,,
1,1,200,1,,,,,3,1,,,,,,,,,,,,,,,103,3600,103,103,3,,
1,1,200,1,,,,,3,1,,,,,,,,,,,,,,,122,2600,122,122,0,,
1,1,200,2,,,,,3,2,,,,,,,,,,,,,,,256,1400,256,128,0,,
1,1,200,2,,,,,3,2,,,,,,,,,,,,,,,252,1600,252,126,0,,
1,1,200,2,,,,,3,2,,,,,,,,,,,,,,,242,2000,242,121,1,,
1,1,200,2,,,,,3,2,,,,,,,,,,,,,,,224,2200,224,112,1,,
1,1,200,2,,,,,3,2,,,,,,,,,,,,,,,238,2400,238,119,6,,
1,1,200,5,,,,,3,3,,,,,,,,,,,,,,,240,1800,240,48,55,,
1,1,200,5,,,,,3,3,,,,,,,,,,,,,,,305,1800,305,61,2,,
1,1,200,5,,,,,3,3,,,,,,,,,,,,,,,235,2000,235,47,30,,
1,1,200,5,,,,,3,3,,,,,,,,,,,,,,,185,2000,185,37,4,,
1,1,200,5,,,,,3,3,,,,,,,,,,,,,,,205,1800,205,41,1,,
1,1,200,1,,,,,,,4,1,,,,,,,0,,,,,,125,2000,125,125,0,,
1,1,200,1,,,,,,,4,1,,,,,,,0,,,,,,128,3800,128,128,0,,
1,1,200,1,,,,,,,4,1,,,,,,,0,,,,,,127,2800,127,127,0,,
1,1,200,1,,,,,,,4,1,,,,,,,0,,,,,,155,2600,155,155,0,,
1,1,200,1,,,,,,,4,1,,,,,,,0,,,,,,120,2600,120,120,0,,
1,1,200,1,,,,,,,4,3,,,,,,,5,,,,,,79,2000,129,129,5,,
1,1,200,1,,,,,,,4,3,,,,,,,5,,,,,,68,2000,118,118,6,,
1,1,200,1,,,,,,,4,3,,,,,,,5,,,,,,81,1800,126,126,5,,
1,1,200,1,,,,,,,4,3,,,,,,,5,,,,,,96,1600,136,136,5,,
1,1,200,1,,,,,,,4,3,,,,,,,5,,,,,,74,2000,124,124,5,,
1,1,200,1,,,,,,,4,4,,,,,,,10,,,,,,31,1800,121,121,10,,
1,1,200,1,,,,,,,4,4,,,,,,,10,,,,,,28,1800,118,118,15,,
1,1,200,1,,,,,,,4,4,,,,,,,10,,,,,,29,2000,129,129,10,,
1,1,200,1,,,,,,,4,4,,,,,,,10,,,,,,24,1800,114,114,11,,
1,1,200,1,,,,,,,4,4,,,,,,,10,,,,,,24,1800,114,114,30,,
1,1,200,1,,,,,,,4,2,,,,,,,2,,,,,,122,1000,132,132,2,,
1,1,200,1,,,,,,,4,2,,,,,,,2,,,,,,107,1000,117,117,11,,
1,1,200,1,,,,,,,4,2,,,,,,,2,,,,,,94,1000,104,104,6,,
1,1,200,1,,,,,,,4,2,,,,,,,2,,,,,,88,600,94,94,15,,
1,1,200,1,,,,,,,4,2,,,,,,,2,,,,,,106,800,114,114,3,,
1,1,200,1,,,,,,,4,5,,,,,,,5,,,,,,70,1400,105,105,5,,
1,1,200,1,,,,,,,4,5,,,,,,,5,,,,,,81,1800,126,126,5,,
1,1,200,1,,,,,,,4,5,,,,,,,5,,,,,,72,1600,112,112,8,,
1,1,200,1,,,,,,,4,5,,,,,,,5,,,,,,80,1400,115,115,9,,
1,1,200,1,,,,,,,4,5,,,,,,,5,,,,,,76,1600,116,116,5,,
1,1,200,1,,,2,1,,,,,,,,,,,,1,,,,,100,1400,100,100,0,,
1,1,200,1,,,2,1,,,,,,,,,,,,1,,,,,99,1800,99,99,0,,
1,1,200,1,,,2,1,,,,,,,,,,,,1,,,,,94,1600,94,94,8,,
1,1,200,1,,,2,1,,,,,,,,,,,,1,,,,,90,2000,90,90,10,,
1,1,200,1,,,2,1,,,,,,,,,,,,1,,,,,108,1800,108,108,12,,
1,1,200,1,,,2,3,,,,,,,,,,,,5,,,,,25,800,125,125,0,,
1,1,200,1,,,2,3,,,,,,,,,,,,5,,,,,26,1200,130,130,0,,
1,1,200,1,,,2,3,,,,,,,,,,,,5,,,,,20,800,100,100,35,,
1,1,200,1,,,2,3,,,,,,,,,,,,5,,,,,23,1000,115,115,10,,
1,1,200,1,,,2,3,,,,,,,,,,,,5,,,,,19,800,95,95,20,,
1,1,200,1,,,2,4,,,,,,,,,,,,10,,,,,10,400,100,100,40,,
1,1,200,1,,,2,4,,,,,,,,,,,,10,,,,,14,600,140,140,0,,
1,1,200,1,,,2,4,,,,,,,,,,,,10,,,,,12,400,120,120,0,,
1,1,200,1,,,2,4,,,,,,,,,,,,10,,,,,10,600,100,100,60,,
1,1,200,1,,,2,4,,,,,,,,,,,,10,,,,,15,800,150,150,0,,
1,1,200,1,,,2,2,,,,,,,,,,,,2,,,,,73,600,146,146,0,,
1,1,200,1,,,2,2,,,,,,,,,,,,2,,,,,46,600,92,92,10,,
1,1,200,1,,,2,2,,,,,,,,,,,,2,,,,,67,800,134,134,0,,
1,1,200,1,,,2,2,,,,,,,,,,,,2,,,,,50,800,100,100,8,,
1,1,200,1,,,2,2,,,,,,,,,,,,2,,,,,54,600,108,108,4,,
1,1,200,1,,,2,5,,,,,,,,,,,,5,,,,,28,600,140,140,0,,
1,1,200,1,,,2,5,,,,,,,,,,,,5,,,,,24,400,120,120,0,,
1,1,200,1,,,2,5,,,,,,,,,,,,5,,,,,24,400,120,120,0,,
1,1,200,1,,,2,5,,,,,,,,,,,,5,,,,,24,400,120,120,0,,
1,1,200,1,,,2,5,,,,,,,,,,,,5,,,,,24,400,120,120,0,,
1,1,200,1,,,,,,,,,,,6,1,,,,,,,,,90,1400,90,90,3,0,
1,1,200,1,,,,,,,,,,,6,1,,,,,,,,,108,3000,108,108,5,0,
1,1,200,1,,,,,,,,,,,6,1,,,,,,,,,122,3000,122,122,0,0,
1,1,200,1,,,,,,,,,,,6,1,,,,,,,,,124,2200,124,124,0,0,
1,1,200,1,,,,,,,,,,,6,1,,,,,,,,,123,1800,123,123,0,0,
1,1,200,1,,,,,,,,,,,6,3,,,,,2,6,,,64,1200,132,132,0,68,
1,1,200,1,,,,,,,,,,,6,3,,,,,2,6,,,82,1800,120,120,0,38,
1,1,200,1,,,,,,,,,,,6,3,,,,,2,6,,,89,1400,145,145,11,56,
1,1,200,1,,,,,,,,,,,6,3,,,,,2,6,,,48,1000,102,102,3,54,
1,1,200,1,,,,,,,,,,,6,3,,,,,2,6,,,72,1200,134,134,0,62,
1,1,200,1,,,,,,,,,,,6,4,,,,,5,6,,,31,600,167,167,0,136,
1,1,200,1,,,,,,,,,,,6,4,,,,,5,6,,,36,800,171,171,0,135,
1,1,200,1,,,,,,,,,,,6,4,,,,,5,6,,,38,600,132,132,0,94,
1,1,200,1,,,,,,,,,,,6,4,,,,,5,6,,,43,800,145,145,0,102,
1,1,200,1,,,,,,,,,,,6,4,,,,,5,6,,,26,400,120,120,0,94,
1,1,200,1,,,,,,,,,,,6,2,,,,,1,6,,,86,1800,120,120,0,34,
1,1,200,1,,,,,,,,,,,6,2,,,,,1,6,,,70,1400,124,124,0,54,
1,1,200,1,,,,,,,,,,,6,2,,,,,1,6,,,67,1600,120,120,27,53,
1,1,200,1,,,,,,,,,,,6,2,,,,,1,6,,,68,1600,121,121,0,53,
1,1,200,1,,,,,,,,,,,6,2,,,,,1,6,,,95,1800,121,121,0,26,
1,1,200,1,,,,,,,,,,,6,5,,,,,2,6,,,47,800,127,127,0,80,
1,1,200,1,,,,,,,,,,,6,5,,,,,2,6,,,28,400,120,120,0,92,
1,1,200,1,,,,,,,,,,,6,5,,,,,2,6,,,20,400,120,120,0,100,
1,1,200,1,,,,,,,,,,,6,5,,,,,2,6,,,54,1000,148,148,0,94,
1,1,200,1,,,,,,,,,,,6,5,,,,,2,6,,,73,1000,135,135,0,62,
1,1,200,1,,,,,,,,,,,6,6,,,,,,,,,122,1200,122,122,0,0,
1,1,200,1,,,,,,,,,,,6,6,,,,,,,,,96,1600,96,96,0,0,
1,1,200,1,,,,,,,,,,,6,6,,,,,,,,,118,1400,118,118,12,0,
1,1,200,1,,,,,,,,,,,6,6,,,,,,,,,115,1600,115,115,4,0,
1,1,200,1,,,,,,,,,,,6,6,,,,,,,,,94,1200,94,94,0,0,
1,1,200,1,,,,,,,,,,,6,8,,,,,2,12,,,105,1200,109,109,0,4,
1,1,200,1,,,,,,,,,,,6,8,,,,,2,12,,,78,1000,155,155,1,77,
1,1,200,1,,,,,,,,,,,6,8,,,,,2,12,,,70,1000,82,82,1,12,
1,1,200,1,,,,,,,,,,,6,8,,,,,2,12,,,67,1600,89,89,4,22,
1,1,200,1,,,,,,,,,,,6,8,,,,,2,12,,,35,400,120,120,0,85,
1,1,200,1,,,,,,,,,,,6,9,,,,,5,12,,,62,600,129,129,0,67,
1,1,200,1,,,,,,,,,,,6,9,,,,,5,12,,,63,1600,78,78,5,15,
1,1,200,1,,,,,,,,,,,6,9,,,,,5,12,,,58,1000,88,88,11,30,
1,1,200,1,,,,,,,,,,,6,9,,,,,5,12,,,57,800,77,77,10,20,
1,1,200,1,,,,,,,,,,,6,9,,,,,5,12,,,48,800,95,95,8,47,
1,1,200,1,,,,,,,,,,,6,7,,,,,1,12,,,42,400,120,120,0,78,
1,1,200,1,,,,,,,,,,,6,7,,,,,1,12,,,69,600,71,71,6,2,
1,1,200,1,,,,,,,,,,,6,7,,,,,1,12,,,40,400,84,84,13,44,
1,1,200,1,,,,,,,,,,,6,7,,,,,1,12,,,34,400,88,88,11,54,
1,1,200,1,,,,,,,,,,,6,7,,,,,1,12,,,40,400,84,84,6,44,
1,1,200,1,,,,,,,,,,,6,10,,,,,2,12,,,55,600,95,95,1,40,
1,1,200,1,,,,,,,,,,,6,10,,,,,2,12,,,61,800,101,101,11,40,
1,1,200,1,,,,,,,,,,,6,10,,,,,2,12,,,48,600,101,101,5,53,
1,1,200,1,,,,,,,,,,,6,10,,,,,2,12,,,58,1000,90,90,9,32,
1,1,200,1,,,,,,,,,,,6,10,,,,,2,12,,,73,1000,95,95,5,22,
1,1,200,1,,,,,,,,,,,6,11,,,,,,,,,76,1400,76,76,1,0,
1,1,200,1,,,,,,,,,,,6,11,,,,,,,,,90,1200,90,90,2,0,
1,1,200,1,,,,,,,,,,,6,11,,,,,,,,,92,1000,92,92,1,0,
1,1,200,1,,,,,,,,,,,6,11,,,,,,,,,75,1000,75,75,7,0,
1,1,200,1,,,,,,,,,,,6,11,,,,,,,,,98,1200,98,98,1,0,
1,1,200,1,,,,,,,,,,,6,13,,,,,2,18,,,120,1000,122,122,0,2,
1,1,200,1,,,,,,,,,,,6,13,,,,,2,18,,,94,800,94,94,6,0,
1,1,200,1,,,,,,,,,,,6,13,,,,,2,18,,,91,1000,99,99,3,8,
1,1,200,1,,,,,,,,,,,6,13,,,,,2,18,,,87,800,107,107,17,20,
1,1,200,1,,,,,,,,,,,6,13,,,,,2,18,,,96,1000,98,98,0,2,
1,1,200,1,,,,,,,,,,,6,14,,,,,5,18,,,68,400,98,98,9,30,
1,1,200,1,,,,,,,,,,,6,14,,,,,5,18,,,49,400,84,84,60,35,
1,1,200,1,,,,,,,,,,,6,14,,,,,5,18,,,66,600,95,95,4,29,
1,1,200,1,,,,,,,,,,,6,14,,,,,5,18,,,56,600,56,56,5,0,
1,1,200,1,,,,,,,,,,,6,14,,,,,5,18,,,94,800,99,99,0,5,
1,1,200,1,,,,,,,,,,,6,12,,,,,1,18,,,112,600,112,112,5,0,
1,1,200,1,,,,,,,,,,,6,12,,,,,1,18,,,69,400,113,113,15,44,
1,1,200,1,,,,,,,,,,,6,12,,,,,1,18,,,90,600,103,103,2,13,
1,1,200,1,,,,,,,,,,,6,12,,,,,1,18,,,85,600,99,99,2,14,
1,1,200,1,,,,,,,,,,,6,12,,,,,1,18,,,85,400,106,106,12,21,
1,1,200,1,,,,,,,,,,,6,15,,,,,2,18,,,74,600,86,86,1,12,
1,1,200,1,,,,,,,,,,,6,15,,,,,2,18,,,71,600,116,116,1,45,
1,1,200,1,,,,,,,,,,,6,15,,,,,2,18,,,45,400,45,45,12,0,
1,1,200,1,,,,,,,,,,,6,15,,,,,2,18,,,77,400,96,96,2,19,
1,1,200,1,,,,,,,,,,,6,15,,,,,2,18,,,33,400,72,72,7,39,
1,1,200,1,,,,,,,,,,,6,16,,,,,,,,,87,400,87,87,2,0,
1,1,200,1,,,,,,,,,,,6,16,,,,,,,,,83,400,83,83,15,0,
1,1,200,1,,,,,,,,,,,6,16,,,,,,,,,112,600,112,112,1,0,
1,1,200,1,,,,,,,,,,,6,16,,,,,,,,,72,400,72,72,2,0,
1,1,200,1,,,,,,,,,,,6,16,,,,,,,,,100,400,100,100,1,0,
1,1,200,1,,,,,,,,,,,6,18,,,,,2,6,,,50,600,148,148,0,98,
1,1,200,1,,,,,,,,,,,6,18,,,,,2,6,,,37,400,100,100,4,63,
1,1,200,1,,,,,,,,,,,6,18,,,,,2,6,,,40,400,120,120,0,80,
1,1,200,1,,,,,,,,,,,6,18,,,,,2,6,,,48,400,97,97,26,49,
1,1,200,1,,,,,,,,,,,6,18,,,,,2,6,,,25,400,117,117,1,92,
1,1,200,1,,,,,,,,,,,6,19,,,,,5,6,,,34,400,88,88,1,54,
1,1,200,1,,,,,,,,,,,6,19,,,,,5,6,,,14,400,120,120,0,106,
1,1,200,1,,,,,,,,,,,6,19,,,,,5,6,,,24,400,120,120,0,96,
1,1,200,1,,,,,,,,,,,6,19,,,,,5,6,,,41,400,120,120,0,79,
1,1,200,1,,,,,,,,,,,6,19,,,,,5,6,,,32,400,120,120,0,88,
1,1,200,1,,,,,,,,,,,,,,,,,2,6,,,33,600,126,126,0,93,
1,1,200,1,,,,,,,,,,,,,,,,,2,6,,,69,1400,107,107,0,38,
1,1,200,1,,,,,,,,,,,,,,,,,2,6,,,75,800,127,127,0,52,
1,1,200,1,,,,,,,,,,,,,,,,,2,6,,,51,600,121,121,0,70,
1,1,200,1,,,,,,,,,,,,,,,,,2,6,,,74,1000,158,158,0,84,
1,1,200,1,,,,,,,,,,,6,17,,,,,1,6,,,37,600,124,124,0,87,
1,1,200,1,,,,,,,,,,,6,17,,,,,1,6,,,44,600,141,141,0,97,
1,1,200,1,,,,,,,,,,,6,17,,,,,1,6,,,47,600,152,152,0,105,
1,1,200,1,,,,,,,,,,,6,17,,,,,1,6,,,30,400,120,120,0,90,
1,1,200,1,,,,,,,,,,,6,17,,,,,1,6,,,55,800,80,80,1,25,
1,1,200,1,,,,,,,,,,,,,,,,,5,6,,,23,400,120,120,0,97,
1,1,200,1,,,,,,,,,,,,,,,,,5,6,,,47,600,141,141,0,94,
1,1,200,1,,,,,,,,,,,,,,,,,5,6,,,21,400,120,120,0,99,
1,1,200,1,,,,,,,,,,,,,,,,,5,6,,,41,800,164,164,0,123,
1,1,200,1,,,,,,,,,,,,,,,,,5,6,,,51,1200,148,148,5,97,
1,1,200,1,,,,,,,,,,,,,7,1,,,,,,,85,800,85,85,8,,0
1,1,200,1,,,,,,,,,,,,,7,1,,,,,,,104,600,104,104,16,,0
1,1,200,1,,,,,,,,,,,,,7,1,,,,,,,90,1200,90,90,29,,0
1,1,200,1,,,,,,,,,,,,,7,1,,,,,,,85,1000,85,85,8,,0
1,1,200,1,,,,,,,,,,,,,7,1,,,,,,,69,800,69,69,12,,0
1,1,200,1,,,,,,,,,,,,,7,3,,,,,2,6,117,1000,95,95,0,,22
1,1,200,1,,,,,,,,,,,,,7,3,,,,,2,6,133,1200,85,85,4,,48
1,1,200,1,,,,,,,,,,,,,7,3,,,,,2,6,140,1200,82,82,5,,58
1,1,200,1,,,,,,,,,,,,,7,3,,,,,2,6,108,1200,86,86,7,,22
1,1,200,1,,,,,,,,,,,,,7,3,,,,,2,6,139,800,87,87,1,,52
1,1,200,1,,,,,,,,,,,,,7,4,,,,,5,6,146,1200,72,72,29,,74
1,1,200,1,,,,,,,,,,,,,7,4,,,,,5,6,168,1400,88,88,4,,80
1,1,200,1,,,,,,,,,,,,,7,4,,,,,5,6,230,1800,110,110,2,,120
1,1,200,1,,,,,,,,,,,,,7,4,,,,,5,6,335,1400,118,118,6,,217
1,1,200,1,,,,,,,,,,,,,7,4,,,,,5,6,140,1200,85,85,8,,55
1,1,200,1,,,,,,,,,,,,,7,2,,,,,1,6,136,1000,128,128,0,,8
1,1,200,1,,,,,,,,,,,,,7,2,,,,,1,6,143,1400,121,121,0,,22
1,1,200,1,,,,,,,,,,,,,7,2,,,,,1,6,149,1400,118,118,27,,31
1,1,200,1,,,,,,,,,,,,,7,2,,,,,1,6,140,1400,128,128,0,,12
1,1,200,1,,,,,,,,,,,,,7,2,,,,,1,6,150,1200,110,110,1,,40
1,1,200,1,,,,,,,,,,,,,7,5,,,,,2,6,105,1400,75,75,0,,30
1,1,200,1,,,,,,,,,,,,,7,5,,,,,2,6,108,1000,74,74,7,,34
1,1,200,1,,,,,,,,,,,,,7,5,,,,,2,6,122,1400,106,106,9,,16
1,1,200,1,,,,,,,,,,,,,7,5,,,,,2,6,154,1600,124,124,0,,30
1,1,200,1,,,,,,,,,,,,,7,5,,,,,2,6,175,2000,133,133,0,,42
1,1,200,1,,,,,,,,,,,,,7,6,,,,,,,120,1000,120,120,0,,0
1,1,200,1,,,,,,,,,,,,,7,6,,,,,,,135,800,135,135,0,,0
1,1,200,1,,,,,,,,,,,,,7,6,,,,,,,135,800,135,135,0,,0
1,1,200,1,,,,,,,,,,,,,7,6,,,,,,,121,1200,121,121,0,,0
1,1,200,1,,,,,,,,,,,,,7,6,,,,,,,117,1000,117,117,17,,0
1,1,200,1,,,,,,,,,,,,,7,8,,,,,2,12,91,600,91,91,16,,0
1,1,200,1,,,,,,,,,,,,,7,8,,,,,2,12,143,1000,107,107,4,,36
1,1,200,1,,,,,,,,,,,,,7,8,,,,,2,12,113,800,109,109,0,,4
1,1,200,1,,,,,,,,,,,,,7,8,,,,,2,12,143,1000,91,91,13,,52
1,1,200,1,,,,,,,,,,,,,7,8,,,,,2,12,74,600,70,70,14,,4
1,1,200,1,,,,,,,,,,,,,7,9,,,,,5,12,140,1000,120,120,0,,20
1,1,200,1,,,,,,,,,,,,,7,9,,,,,5,12,105,1000,75,75,7,,30
1,1,200,1,,,,,,,,,,,,,7,9,,,,,5,12,142,1400,112,112,13,,30
1,1,200,1,,,,,,,,,,,,,7,9,,,,,5,12,131,1200,91,91,2,,40
1,1,200,1,,,,,,,,,,,,,7,9,,,,,5,12,124,1200,104,104,10,,20
1,1,200,1,,,,,,,,,,,,,7,7,,,,,1,12,118,2000,117,117,0,,1
1,1,200,1,,,,,,,,,,,,,7,7,,,,,1,12,122,1800,120,120,0,,2
1,1,200,1,,,,,,,,,,,,,7,7,,,,,1,12,111,1400,110,110,0,,1
1,1,200,1,,,,,,,,,,,,,7,7,,,,,1,12,110,1400,108,108,3,,2
1,1,200,1,,,,,,,,,,,,,7,7,,,,,1,12,130,1800,120,120,0,,10
1,1,200,1,,,,,,,,,,,,,7,10,,,,,2,12,104,1600,104,104,0,,0
1,1,200,1,,,,,,,,,,,,,7,10,,,,,2,12,126,1600,118,118,0,,8
1,1,200,1,,,,,,,,,,,,,7,10,,,,,2,12,116,1200,108,108,0,,8
1,1,200,1,,,,,,,,,,,,,7,10,,,,,2,12,145,1200,129,129,0,,16
1,1,200,1,,,,,,,,,,,,,7,10,,,,,2,12,115,1000,103,103,1,,12
1,1,200,1,,,,,,,,,,,,,7,11,,,,,,,110,1200,110,110,7,,0
1,1,200,1,,,,,,,,,,,,,7,11,,,,,,,117,1400,117,117,16,,0
1,1,200,1,,,,,,,,,,,,,7,11,,,,,,,92,1400,92,92,1,,0
1,1,200,1,,,,,,,,,,,,,7,11,,,,,,,83,1400,83,83,3,,0
1,1,200,1,,,,,,,,,,,,,7,11,,,,,,,91,1000,91,91,1,,0
1,1,200,1,,,,,,,,,,,,,7,13,,,,,2,18,81,1200,81,81,6,,0
1,1,200,1,,,,,,,,,,,,,7,13,,,,,2,18,92,1400,90,90,0,,2
1,1,200,1,,,,,,,,,,,,,7,13,,,,,2,18,118,1000,104,104,3,,14
1,1,200,1,,,,,,,,,,,,,7,13,,,,,2,18,100,800,84,84,10,,16
1,1,200,1,,,,,,,,,,,,,7,13,,,,,2,18,99,1000,89,89,3,,10
1,1,200,1,,,,,,,,,,,,,7,14,,,,,5,18,56,600,56,56,2,,0
1,1,200,1,,,,,,,,,,,,,7,14,,,,,5,18,85,800,80,80,2,,5
1,1,200,1,,,,,,,,,,,,,7,14,,,,,5,18,110,800,80,80,4,,30
1,1,200,1,,,,,,,,,,,,,7,14,,,,,5,18,180,600,90,90,1,,90
1,1,200,1,,,,,,,,,,,,,7,14,,,,,5,18,207,1000,142,142,0,,65
1,1,200,1,,,,,,,,,,,,,7,12,,,,,1,18,134,800,119,119,11,,15
1,1,200,1,,,,,,,,,,,,,7,12,,,,,1,18,168,800,157,157,0,,11
1,1,200,1,,,,,,,,,,,,,7,12,,,,,1,18,88,600,80,80,16,,8
1,1,200,1,,,,,,,,,,,,,7,12,,,,,1,18,132,800,125,125,0,,7
1,1,200,1,,,,,,,,,,,,,7,12,,,,,1,18,68,800,68,68,3,,0
1,1,200,1,,,,,,,,,,,,,7,15,,,,,2,18,73,1000,71,71,5,,2
1,1,200,1,,,,,,,,,,,,,7,15,,,,,2,18,87,1000,79,79,18,,8
1,1,200,1,,,,,,,,,,,,,7,15,,,,,2,18,114,1000,100,100,7,,14
1,1,200,1,,,,,,,,,,,,,7,15,,,,,2,18,117,1000,105,105,1,,12
1,1,200,1,,,,,,,,,,,,,7,15,,,,,2,18,104,800,88,88,10,,16
1,1,200,1,,,,,,,,,,,,,7,16,,,,,,,139,800,139,139,0,,0
1,1,200,1,,,,,,,,,,,,,7,16,,,,,,,122,1000,122,122,0,,0
1,1,200,1,,,,,,,,,,,,,7,16,,,,,,,90,800,90,90,0,,0
1,1,200,1,,,,,,,,,,,,,7,16,,,,,,,113,800,113,113,17,,0
1,1,200,1,,,,,,,,,,,,,7,16,,,,,,,86,1000,86,86,5,,0
1,1,200,1,,,,,,,,,,,,,7,17,,,,,1,6,76,1000,43,43,13,,33
1,1,200,1,,,,,,,,,,,,,7,17,,,,,1,6,105,600,91,91,13,,14
1,1,200,1,,,,,,,,,,,,,7,17,,,,,1,6,109,800,85,85,3,,24
1,1,200,1,,,,,,,,,,,,,7,17,,,,,1,6,148,1200,111,111,18,,37
1,1,200,1,,,,,,,,,,,,,7,17,,,,,1,6,132,800,119,119,0,,13
1,1,200,1,,,,,,,,,,,,,7,18,,,,,2,6,100,1200,94,94,15,,6
1,1,200,1,,,,,,,,,,,,,7,18,,,,,2,6,93,800,81,81,4,,12
1,1,200,1,,,,,,,,,,,,,7,18,,,,,2,6,131,1200,69,69,3,,62
1,1,200,1,,,,,,,,,,,,,7,18,,,,,2,6,119,1200,71,71,4,,48
1,1,200,1,,,,,,,,,,,,,7,18,,,,,2,6,119,800,111,111,10,,8
1,1,200,1,,,,,,,,,,,,,7,19,,,,,5,6,92,800,72,72,8,,20
1,1,200,1,,,,,,,,,,,,,7,19,,,,,5,6,60,800,45,45,19,,15
1,1,200,1,,,,,,,,,,,,,7,19,,,,,5,6,136,1000,87,87,6,,49
1,1,200,1,,,,,,,,,,,,,7,19,,,,,5,6,186,1200,62,62,2,,124
1,1,200,1,,,,,,,,,,,,,7,19,,,,,5,6,205,1400,96,96,2,,109
2,1,100,1,1,1,,,,,,,,,,,,,,,,,,,110,1300,110,110,28,,
2,1,100,1,1,1,,,,,,,,,,,,,,,,,,,122,900,122,122,0,,
2,1,100,1,1,1,,,,,,,,,,,,,,,,,,,127,900,127,127,0,,
2,1,100,1,1,1,,,,,,,,,,,,,,,,,,,123,800,123,123,0,,
2,1,100,1,1,1,,,,,,,,,,,,,,,,,,,76,1300,76,76,1,,
2,10,100,1,1,3,,,,,,,,,,,,,,,,,,,200,1600,20,20,2,,
2,10,100,1,1,3,,,,,,,,,,,,,,,,,,,230,2100,23,23,0,,
2,10,100,1,1,3,,,,,,,,,,,,,,,,,,,350,3000,35,35,1,,
2,10,100,1,1,3,,,,,,,,,,,,,,,,,,,460,3800,46,46,1,,
2,10,100,1,1,3,,,,,,,,,,,,,,,,,,,490,4700,49,49,1,,
2,5,100,1,1,2,,,,,,,5,2,,,,,,,,,,,455,3000,91,91,0,,
2,5,100,1,1,2,,,,,,,5,2,,,,,,,,,,,445,2900,89,89,3,,
2,5,100,1,1,2,,,,,,,5,2,,,,,,,,,,,405,2700,81,81,3,,
2,5,100,1,1,2,,,,,,,5,2,,,,,,,,,,,400,2900,80,80,4,,
2,5,100,1,1,2,,,,,,,5,2,,,,,,,,,,,325,2800,65,65,0,,
2,5,50,1,,,,,,,,,5,1,,,,,,,,,,,101,3800,101,101,1,,
2,5,50,1,,,,,,,,,5,1,,,,,,,,,,,116,3750,116,116,2,,
2,5,50,1,,,,,,,,,5,1,,,,,,,,,,,121,3650,121,121,0,,
2,5,50,1,,,,,,,,,5,1,,,,,,,,,,,120,2800,120,120,0,,
2,5,50,1,,,,,,,,,5,1,,,,,,,,,,,121,2950,121,121,0,,
2,5,200,1,,,,,,,,,5,3,,,,,,,,,,,47,1800,47,47,0,,
2,5,200,1,,,,,,,,,5,3,,,,,,,,,,,49,2000,49,49,0,,
2,5,200,1,,,,,,,,,5,3,,,,,,,,,,,39,2600,39,39,1,,
2,5,200,1,,,,,,,,,5,3,,,,,,,,,,,52,2800,52,52,2,,
2,5,200,1,,,,,,,,,5,3,,,,,,,,,,,35,1800,35,35,0,,
2,1,200,1,,,,,3,1,,,,,,,,,,,,,,,88,1000,88,88,9,,
2,1,200,1,,,,,3,1,,,,,,,,,,,,,,,148,2000,148,148,0,,
2,1,200,1,,,,,3,1,,,,,,,,,,,,,,,86,2200,86,86,5,,
2,1,200,1,,,,,3,1,,,,,,,,,,,,,,,56,1600,56,56,3,,
2,1,200,1,,,,,3,1,,,,,,,,,,,,,,,85,1600,85,85,1,,
2,1,200,2,,,,,3,2,,,,,,,,,,,,,,,296,1000,296,148,0,,
2,1,200,2,,,,,3,2,,,,,,,,,,,,,,,240,800,240,120,0,,
2,1,200,2,,,,,3,2,,,,,,,,,,,,,,,240,800,240,120,0,,
2,1,200,2,,,,,3,2,,,,,,,,,,,,,,,240,800,240,120,0,,
2,1,200,2,,,,,3,2,,,,,,,,,,,,,,,240,800,240,120,0,,
2,1,200,5,,,,,3,3,,,,,,,,,,,,,,,60,200,60,12,7,,
2,1,200,5,,,,,,,,,,,,,,,,,,,,,0,0,0,0,28,,
2,1,200,5,,,,,3,3,,,,,,,,,,,,,,,130,600,130,26,23,,
2,1,200,5,,,,,,,,,,,,,,,,,,,,,0,0,0,0,4,,
2,1,200,5,,,,,3,3,,,,,,,,,,,,,,,65,400,65,13,19,,
2,1,100,1,,,,,,,4,1,,,,,,,0,,,,,,133,700,133,133,0,,
2,1,100,1,,,,,,,4,1,,,,,,,0,,,,,,129,800,129,129,0,,
2,1,100,1,,,,,,,4,1,,,,,,,0,,,,,,128,1000,128,128,0,,
2,1,100,1,,,,,,,4,1,,,,,,,0,,,,,,121,1100,121,121,0,,
2,1,100,1,,,,,,,4,1,,,,,,,0,,,,,,130,1000,130,130,0,,
2,1,100,1,,,,,,,4,3,,,,,,,5,,,,,,64,1300,129,129,5,,
2,1,100,1,,,,,,,4,3,,,,,,,5,,,,,,65,1100,120,120,5,,
2,1,100,1,,,,,,,4,3,,,,,,,5,,,,,,64,1300,129,129,5,,
2,1,100,1,,,,,,,4,3,,,,,,,5,,,,,,50,1400,120,120,5,,
2,1,100,1,,,,,,,4,3,,,,,,,5,,,,,,57,1400,127,127,5,,
2,1,100,1,,,,,,,4,4,,,,,,,10,,,,,,42,800,122,122,10,,
2,1,100,1,,,,,,,4,4,,,,,,,10,,,,,,41,900,131,131,10,,
2,1,100,1,,,,,,,4,4,,,,,,,10,,,,,,32,1000,132,132,10,,
2,1,100,1,,,,,,,4,4,,,,,,,10,,,,,,25,1000,125,125,10,,
2,1,100,1,,,,,,,4,4,,,,,,,10,,,,,,31,900,121,121,10,,
2,1,100,1,,,,,,,4,2,,,,,,,2,,,,,,119,1800,155,155,2,,
2,1,100,1,,,,,,,4,2,,,,,,,2,,,,,,92,1500,122,122,2,,
2,1,100,1,,,,,,,4,2,,,,,,,2,,,,,,108,1100,130,130,2,,
2,1,100,1,,,,,,,4,2,,,,,,,2,,,,,,67,900,85,85,5,,
2,1,100,1,,,,,,,4,2,,,,,,,2,,,,,,108,1100,130,130,2,,
2,1,100,1,,,,,,,4,5,,,,,,,5,,,,,,62,1200,122,122,5,,
2,1,100,1,,,,,,,4,5,,,,,,,5,,,,,,72,1300,137,137,5,,
2,1,100,1,,,,,,,4,5,,,,,,,5,,,,,,46,1600,126,126,5,,
2,1,100,1,,,,,,,4,5,,,,,,,5,,,,,,40,1700,125,125,5,,
2,1,100,1,,,,,,,4,5,,,,,,,5,,,,,,47,1700,132,132,5,,
2,1,100,1,,,2,1,,,,,,,,,,,,1,,,,,120,900,120,120,0,,
2,1,100,1,,,2,1,,,,,,,,,,,,1,,,,,120,900,120,120,0,,
2,1,100,1,,,2,1,,,,,,,,,,,,1,,,,,120,1800,120,120,0,,
2,1,100,1,,,2,1,,,,,,,,,,,,1,,,,,99,1500,99,99,5,,
2,1,100,1,,,2,1,,,,,,,,,,,,1,,,,,118,1300,118,118,0,,
2,1,100,1,,,2,3,,,,,,,,,,,,5,,,,,29,600,145,145,0,,
2,1,100,1,,,2,3,,,,,,,,,,,,5,,,,,26,500,130,130,0,,
2,1,100,1,,,2,3,,,,,,,,,,,,5,,,,,25,500,125,125,0,,
2,1,100,1,,,2,3,,,,,,,,,,,,5,,,,,25,500,125,125,0,,
2,1,100,1,,,2,3,,,,,,,,,,,,5,,,,,25,500,125,125,0,,
2,1,100,1,,,2,4,,,,,,,,,,,,10,,,,,13,300,130,130,0,,
2,1,100,1,,,2,4,,,,,,,,,,,,10,,,,,13,300,130,130,0,,
2,1,100,1,,,2,4,,,,,,,,,,,,10,,,,,12,300,120,120,0,,
2,1,100,1,,,2,4,,,,,,,,,,,,10,,,,,14,300,140,140,0,,
2,1,100,1,,,2,4,,,,,,,,,,,,10,,,,,14,400,140,140,0,,
2,1,100,1,,,2,2,,,,,,,,,,,,2,,,,,64,700,128,128,0,,
2,1,100,1,,,2,2,,,,,,,,,,,,2,,,,,65,400,130,130,0,,
2,1,100,1,,,2,2,,,,,,,,,,,,2,,,,,66,500,132,132,0,,
2,1,100,1,,,2,2,,,,,,,,,,,,2,,,,,64,400,128,128,0,,
2,1,100,1,,,2,2,,,,,,,,,,,,2,,,,,65,400,130,130,0,,
2,1,100,1,,,2,5,,,,,,,,,,,,5,,,,,27,400,135,135,0,,
2,1,100,1,,,2,5,,,,,,,,,,,,5,,,,,25,500,125,125,0,,
2,1,100,1,,,2,5,,,,,,,,,,,,5,,,,,27,300,135,135,0,,
2,1,100,1,,,2,5,,,,,,,,,,,,5,,,,,31,300,155,155,0,,
2,1,100,1,,,2,5,,,,,,,,,,,,5,,,,,28,300,140,140,0,,
2,1,100,1,,,,,,,,,,,6,1,,,,,,,,,124,1600,124,124,0,0,
2,1,100,1,,,,,,,,,,,6,1,,,,,,,,,121,1900,121,121,0,0,
2,1,100,1,,,,,,,,,,,6,1,,,,,,,,,127,2100,127,127,0,0,
2,1,100,1,,,,,,,,,,,6,1,,,,,,,,,121,1300,121,121,0,0,
2,1,100,1,,,,,,,,,,,6,1,,,,,,,,,96,1900,96,96,2,0,
2,1,100,1,,,,,,,,,,,6,3,,,,,2,6,,,100,1700,104,104,2,4,
2,1,100,1,,,,,,,,,,,6,3,,,,,2,6,,,84,1500,88,88,12,4,
2,1,100,1,,,,,,,,,,,6,3,,,,,2,6,,,76,1800,84,84,4,8,
2,1,100,1,,,,,,,,,,,6,3,,,,,2,6,,,87,2700,87,87,2,0,
2,1,100,1,,,,,,,,,,,6,3,,,,,2,6,,,87,1800,87,87,5,0,
2,1,100,1,,,,,,,,,,,6,4,,,,,5,6,,,109,1300,124,124,0,15,
2,1,100,1,,,,,,,,,,,6,4,,,,,5,6,,,122,1500,122,122,0,0,
2,1,100,1,,,,,,,,,,,6,4,,,,,5,6,,,87,1100,122,122,0,35,
2,1,100,1,,,,,,,,,,,6,4,,,,,5,6,,,101,1400,126,126,0,25,
2,1,100,1,,,,,,,,,,,6,4,,,,,5,6,,,100,1300,130,130,0,30,
2,1,100,1,,,,,,,,,,,6,2,,,,,1,6,,,107,1500,107,107,1,0,
2,1,100,1,,,,,,,,,,,6,2,,,,,1,6,,,87,1700,92,92,1,5,
2,1,100,1,,,,,,,,,,,6,2,,,,,1,6,,,81,2000,92,92,4,11,
2,1,100,1,,,,,,,,,,,6,2,,,,,1,6,,,119,1200,135,135,0,16,
2,1,100,1,,,,,,,,,,,6,2,,,,,1,6,,,100,1400,102,102,0,2,
2,1,100,1,,,,,,,,,,,6,5,,,,,2,6,,,108,300,121,121,0,13,
2,1,100,1,,,,,,,,,,,6,5,,,,,2,6,,,124,400,144,144,0,20,
2,1,100,1,,,,,,,,,,,6,5,,,,,2,6,,,76,300,120,120,0,44,
2,1,100,1,,,,,,,,,,,6,5,,,,,2,6,,,73,300,127,127,0,54,
2,1,100,1,,,,,,,,,,,6,5,,,,,2,6,,,95,300,143,143,0,48,
2,1,100,1,,,,,,,,,,,6,6,,,,,,,,,135,700,135,135,0,0,
2,1,100,1,,,,,,,,,,,6,6,,,,,,,,,149,700,149,149,0,0,
2,1,100,1,,,,,,,,,,,6,6,,,,,,,,,135,900,135,135,0,0,
2,1,100,1,,,,,,,,,,,6,6,,,,,,,,,128,1100,128,128,0,0,
2,1,100,1,,,,,,,,,,,6,6,,,,,,,,,129,800,129,129,0,0,
2,1,100,1,,,,,,,,,,,6,8,,,,,2,12,,,124,800,124,124,0,0,
2,1,100,1,,,,,,,,,,,6,8,,,,,2,12,,,86,800,86,86,15,0,
2,1,100,1,,,,,,,,,,,6,8,,,,,2,12,,,117,900,133,133,0,16,
2,1,100,1,,,,,,,,,,,6,8,,,,,2,12,,,137,800,137,137,0,0,
2,1,100,1,,,,,,,,,,,6,8,,,,,2,12,,,31,400,31,31,13,0,
2,1,100,1,,,,,,,,,,,6,9,,,,,5,12,,,129,700,134,134,0,5,
2,1,100,1,,,,,,,,,,,6,9,,,,,5,12,,,136,700,141,141,0,5,
2,1,100,1,,,,,,,,,,,6,9,,,,,5,12,,,123,600,123,123,0,0,
2,1,100,1,,,,,,,,,,,6,9,,,,,5,12,,,133,1000,133,133,0,0,
2,1,100,1,,,,,,,,,,,6,9,,,,,5,12,,,109,600,124,124,0,15,
2,1,100,1,,,,,,,,,,,6,7,,,,,1,12,,,128,1300,128,128,0,0,
2,1,100,1,,,,,,,,,,,6,7,,,,,1,12,,,132,1000,133,133,0,1,
2,1,100,1,,,,,,,,,,,6,7,,,,,1,12,,,123,1300,123,123,0,0,
2,1,100,1,,,,,,,,,,,6,7,,,,,1,12,,,119,1400,120,120,0,1,
2,1,100,1,,,,,,,,,,,6,7,,,,,1,12,,,132,1200,132,132,0,0,
2,1,100,1,,,,,,,,,,,6,10,,,,,2,12,,,126,1600,126,126,0,0,
2,1,100,1,,,,,,,,,,,6,10,,,,,2,12,,,121,1100,127,127,0,6,
2,1,100,1,,,,,,,,,,,6,10,,,,,2,12,,,102,1200,104,104,7,2,
2,1,100,1,,,,,,,,,,,6,10,,,,,2,12,,,137,1200,137,137,0,0,
2,1,100,1,,,,,,,,,,,6,10,,,,,2,12,,,86,1500,86,86,5,0,
2,1,100,1,,,,,,,,,,,6,11,,,,,,,,,122,1300,122,122,0,0,
2,1,100,1,,,,,,,,,,,6,11,,,,,,,,,85,1100,85,85,0,0,
2,1,100,1,,,,,,,,,,,6,11,,,,,,,,,97,1700,97,97,3,0,
2,1,100,1,,,,,,,,,,,6,11,,,,,,,,,121,1400,121,121,0,0,
2,1,100,1,,,,,,,,,,,6,11,,,,,,,,,73,1400,73,73,2,0,
2,1,100,1,,,,,,,,,,,6,13,,,,,2,18,,,34,600,34,34,1,0,
2,1,100,1,,,,,,,,,,,6,13,,,,,2,18,,,26,700,26,26,2,0,
2,1,100,1,,,,,,,,,,,6,13,,,,,2,18,,,19,400,19,19,4,0,
2,1,100,1,,,,,,,,,,,6,13,,,,,2,18,,,8,200,8,8,9,0,
2,1,100,1,,,,,,,,,,,6,13,,,,,2,18,,,31,700,31,31,11,0,
2,1,100,1,,,,,,,,,,,6,14,,,,,5,18,,,123,1700,123,123,0,0,
2,1,100,1,,,,,,,,,,,6,14,,,,,5,18,,,124,1500,124,124,0,0,
2,1,100,1,,,,,,,,,,,6,14,,,,,5,18,,,126,1300,126,126,0,0,
2,1,100,1,,,,,,,,,,,6,14,,,,,5,18,,,107,1700,122,122,0,15,
2,1,100,1,,,,,,,,,,,6,14,,,,,5,18,,,126,1600,126,126,0,0,
2,1,100,1,,,,,,,,,,,6,12,,,,,1,18,,,123,1100,123,123,0,0,
2,1,100,1,,,,,,,,,,,6,12,,,,,1,18,,,100,1200,100,100,0,0,
2,1,100,1,,,,,,,,,,,6,12,,,,,1,18,,,73,1100,73,73,4,0,
2,1,100,1,,,,,,,,,,,6,12,,,,,1,18,,,92,1400,92,92,4,0,
2,1,100,1,,,,,,,,,,,6,12,,,,,1,18,,,92,1100,92,92,0,0,
2,1,100,1,,,,,,,,,,,6,15,,,,,2,18,,,124,900,124,124,0,0,
2,1,100,1,,,,,,,,,,,6,15,,,,,2,18,,,121,1100,121,121,0,0,
2,1,100,1,,,,,,,,,,,6,15,,,,,2,18,,,127,1200,127,127,0,0,
2,1,100,1,,,,,,,,,,,6,15,,,,,2,18,,,127,1000,127,127,0,0,
2,1,100,1,,,,,,,,,,,6,15,,,,,2,18,,,100,1000,100,100,7,0,
2,1,100,1,,,,,,,,,,,6,16,,,,,,,,,87,700,87,87,8,0,
2,1,100,1,,,,,,,,,,,6,16,,,,,,,,,107,1300,107,107,13,0,
2,1,100,1,,,,,,,,,,,6,16,,,,,,,,,7,100,7,7,3,0,
2,1,100,1,,,,,,,,,,,6,16,,,,,,,,,127,1100,127,127,0,0,
2,1,100,1,,,,,,,,,,,6,16,,,,,,,,,68,900,68,68,1,0,
2,1,100,1,,,,,,,,,,,6,18,,,,,2,6,,,111,1900,113,113,0,2,
2,1,100,1,,,,,,,,,,,6,18,,,,,2,6,,,116,2100,116,116,4,0,
2,1,100,1,,,,,,,,,,,6,18,,,,,2,6,,,127,1400,129,129,0,2,
2,1,100,1,,,,,,,,,,,6,18,,,,,2,6,,,112,900,126,126,0,14,
2,1,100,1,,,,,,,,,,,6,18,,,,,2,6,,,118,1200,124,124,0,6,
2,1,100,1,,,,,,,,,,,6,19,,,,,5,6,,,43,600,43,43,0,0,
2,1,100,1,,,,,,,,,,,6,19,,,,,5,6,,,87,1300,87,87,0,0,
2,1,100,1,,,,,,,,,,,6,19,,,,,5,6,,,119,1100,170,170,0,51,
2,1,100,1,,,,,,,,,,,6,19,,,,,5,6,,,106,1700,121,121,0,15,
2,1,100,1,,,,,,,,,,,6,19,,,,,5,6,,,153,1600,153,153,0,0,
2,1,100,1,,,,,,,,,,,,,,,,,2,6,,,108,1200,120,120,0,12,
2,1,100,1,,,,,,,,,,,,,,,,,2,6,,,90,1000,122,122,0,32,
2,1,100,1,,,,,,,,,,,,,,,,,2,6,,,110,1600,120,120,0,10,
2,1,100,1,,,,,,,,,,,,,,,,,2,6,,,125,1900,137,137,0,12,
2,1,100,1,,,,,,,,,,,,,,,,,2,6,,,109,1200,121,121,0,12,
2,1,100,1,,,,,,,,,,,6,17,,,,,1,6,,,125,1100,128,128,0,3,
2,1,100,1,,,,,,,,,,,6,17,,,,,1,6,,,118,1000,120,120,0,2,
2,1,100,1,,,,,,,,,,,6,17,,,,,1,6,,,128,1400,134,134,0,6,
2,1,100,1,,,,,,,,,,,6,17,,,,,1,6,,,111,900,128,128,0,17,
2,1,100,1,,,,,,,,,,,6,17,,,,,1,6,,,126,1200,133,133,0,7,
2,1,100,1,,,,,,,,,,,,,,,,,5,6,,,61,500,120,120,0,59,
2,1,100,1,,,,,,,,,,,,,,,,,5,6,,,93,800,123,123,0,30,
2,1,100,1,,,,,,,,,,,,,,,,,5,6,,,102,1000,122,122,0,20,
2,1,100,1,,,,,,,,,,,,,,,,,5,6,,,54,500,122,122,0,68,
2,1,100,1,,,,,,,,,,,,,,,,,5,6,,,70,600,120,120,0,50,
2,1,100,1,,,,,,,,,,,,,7,1,,,,,,,88,600,88,88,0,,0
2,1,100,1,,,,,,,,,,,,,7,1,,,,,,,75,700,75,75,2,,0
2,1,100,1,,,,,,,,,,,,,7,1,,,,,,,70,600,70,70,9,,0
2,1,100,1,,,,,,,,,,,,,7,1,,,,,,,108,700,108,108,14,,0
2,1,100,1,,,,,,,,,,,,,7,1,,,,,,,84,600,84,84,11,,0
2,1,100,1,,,,,,,,,,,,,7,3,,,,,2,6,84,1200,70,70,8,,14
2,1,100,1,,,,,,,,,,,,,7,3,,,,,2,6,148,1500,138,138,0,,10
2,1,100,1,,,,,,,,,,,,,7,3,,,,,2,6,132,1400,120,120,0,,12
2,1,100,1,,,,,,,,,,,,,7,3,,,,,2,6,143,1200,131,131,0,,12
2,1,100,1,,,,,,,,,,,,,7,3,,,,,2,6,108,1100,104,104,0,,4
2,1,100,1,,,,,,,,,,,,,7,4,,,,,5,6,30,500,20,20,4,,10
2,1,100,1,,,,,,,,,,,,,7,4,,,,,5,6,90,900,56,56,0,,34
2,1,100,1,,,,,,,,,,,,,7,4,,,,,5,6,87,1100,68,68,8,,19
2,1,100,1,,,,,,,,,,,,,7,4,,,,,5,6,73,1000,68,68,7,,5
2,1,100,1,,,,,,,,,,,,,7,4,,,,,5,6,63,700,58,58,0,,5
2,1,100,1,,,,,,,,,,,,,7,2,,,,,1,6,42,300,39,39,0,,3
2,1,100,1,,,,,,,,,,,,,7,2,,,,,1,6,54,500,46,46,10,,8
2,1,100,1,,,,,,,,,,,,,7,2,,,,,1,6,24,200,23,23,9,,1
2,1,100,1,,,,,,,,,,,,,7,2,,,,,1,6,39,200,23,23,0,,16
2,1,100,1,,,,,,,,,,,,,7,2,,,,,1,6,77,800,73,73,1,,4
2,1,100,1,,,,,,,,,,,,,7,5,,,,,2,6,11,200,11,11,9,,0
2,1,100,1,,,,,,,,,,,,,7,5,,,,,2,6,55,900,49,49,1,,6
2,1,100,1,,,,,,,,,,,,,7,5,,,,,2,6,25,400,25,25,4,,0
2,1,100,1,,,,,,,,,,,,,7,5,,,,,2,6,46,1300,46,46,6,,0
2,1,100,1,,,,,,,,,,,,,7,5,,,,,2,6,64,1000,64,64,3,,0
2,1,100,1,,,,,,,,,,,,,7,6,,,,,,,131,1100,131,131,0,,0
2,1,100,1,,,,,,,,,,,,,7,6,,,,,,,124,1100,124,124,0,,0
2,1,100,1,,,,,,,,,,,,,7,6,,,,,,,127,1300,127,127,0,,0
2,1,100,1,,,,,,,,,,,,,7,6,,,,,,,127,1800,127,127,0,,0
2,1,100,1,,,,,,,,,,,,,7,6,,,,,,,113,1600,113,113,6,,0
2,1,100,1,,,,,,,,,,,,,7,8,,,,,2,12,79,2100,79,79,26,,0
2,1,100,1,,,,,,,,,,,,,7,8,,,,,2,12,82,1400,78,78,4,,4
2,1,100,1,,,,,,,,,,,,,7,8,,,,,2,12,50,900,44,44,9,,6
2,1,100,1,,,,,,,,,,,,,7,8,,,,,2,12,88,1100,88,88,0,,0
2,1,100,1,,,,,,,,,,,,,7,8,,,,,2,12,64,1000,64,64,0,,0
2,1,100,1,,,,,,,,,,,,,7,9,,,,,5,12,94,1000,94,94,7,,0
2,1,100,1,,,,,,,,,,,,,7,9,,,,,5,12,105,1200,100,100,12,,5
2,1,100,1,,,,,,,,,,,,,7,9,,,,,5,12,90,1000,90,90,8,,0
2,1,100,1,,,,,,,,,,,,,7,9,,,,,5,12,108,1300,108,108,1,,0
2,1,100,1,,,,,,,,,,,,,7,9,,,,,5,12,110,1200,100,100,10,,10
2,1,100,1,,,,,,,,,,,,,7,7,,,,,1,12,121,1500,121,121,15,,0
2,1,100,1,,,,,,,,,,,,,7,7,,,,,1,12,126,1300,126,126,0,,0
2,1,100,1,,,,,,,,,,,,,7,7,,,,,1,12,118,1500,118,118,3,,0
2,1,100,1,,,,,,,,,,,,,7,7,,,,,1,12,94,1400,94,94,9,,0
2,1,100,1,,,,,,,,,,,,,7,7,,,,,1,12,106,1300,106,106,0,,0
2,1,100,1,,,,,,,,,,,,,7,10,,,,,2,12,96,1100,96,96,10,,0
2,1,100,1,,,,,,,,,,,,,7,10,,,,,2,12,99,1400,97,97,6,,2
2,1,100,1,,,,,,,,,,,,,7,10,,,,,2,12,97,1000,97,97,2,,0
2,1,100,1,,,,,,,,,,,,,7,10,,,,,2,12,101,1000,101,101,0,,0
2,1,100,1,,,,,,,,,,,,,7,10,,,,,2,12,65,1000,65,65,6,,0
2,1,100,1,,,,,,,,,,,,,7,11,,,,,,,91,1500,91,91,0,,0
2,1,100,1,,,,,,,,,,,,,7,11,,,,,,,96,1400,96,96,7,,0
2,1,100,1,,,,,,,,,,,,,7,11,,,,,,,92,1500,92,92,4,,0
2,1,100,1,,,,,,,,,,,,,7,11,,,,,,,102,2400,102,102,4,,0
2,1,100,1,,,,,,,,,,,,,7,11,,,,,,,55,1200,55,55,4,,0
2,1,100,1,,,,,,,,,,,,,7,13,,,,,2,18,70,1000,70,70,2,,0
2,1,100,1,,,,,,,,,,,,,7,13,,,,,2,18,56,900,56,56,0,,0
2,1,100,1,,,,,,,,,,,,,7,13,,,,,2,18,99,900,93,93,1,,6
2,1,100,1,,,,,,,,,,,,,7,13,,,,,2,18,95,800,95,95,10,,0
2,1,100,1,,,,,,,,,,,,,7,13,,,,,2,18,69,1100,69,69,0,,0
2,1,100,1,,,,,,,,,,,,,7,14,,,,,5,18,58,800,53,53,4,,5
2,1,100,1,,,,,,,,,,,,,7,14,,,,,5,18,113,1000,108,108,18,,5
2,1,100,1,,,,,,,,,,,,,7,14,,,,,5,18,135,1000,120,120,0,,15
2,1,100,1,,,,,,,,,,,,,7,14,,,,,5,18,91,700,86,86,11,,5
2,1,100,1,,,,,,,,,,,,,7,14,,,,,5,18,93,700,93,93,0,,0
2,1,100,1,,,,,,,,,,,,,7,12,,,,,1,18,112,1800,112,112,1,,0
2,1,100,1,,,,,,,,,,,,,7,12,,,,,1,18,84,2600,84,84,1,,0
2,1,100,1,,,,,,,,,,,,,7,12,,,,,1,18,65,1800,65,65,0,,0
2,1,100,1,,,,,,,,,,,,,7,12,,,,,1,18,76,1600,76,76,0,,0
2,1,100,1,,,,,,,,,,,,,7,12,,,,,1,18,27,700,27,27,0,,0
2,1,100,1,,,,,,,,,,,,,7,15,,,,,2,18,58,1300,58,58,5,,0
2,1,100,1,,,,,,,,,,,,,7,15,,,,,2,18,51,900,51,51,6,,0
2,1,100,1,,,,,,,,,,,,,7,15,,,,,2,18,31,600,31,31,0,,0
2,1,100,1,,,,,,,,,,,,,7,15,,,,,2,18,51,800,51,51,3,,0
2,1,100,1,,,,,,,,,,,,,7,15,,,,,2,18,40,600,40,40,0,,0
2,1,100,1,,,,,,,,,,,,,,,,,,,,,0,0,0,0,0,,0
2,1,100,1,,,,,,,,,,,,,7,16,,,,,,,20,300,20,20,0,,0
2,1,100,1,,,,,,,,,,,,,,,,,,,,,0,0,0,0,0,,0
2,1,100,1,,,,,,,,,,,,,7,16,,,,,,,31,700,31,31,0,,0
2,1,100,1,,,,,,,,,,,,,7,16,,,,,,,39,700,39,39,1,,0
2,1,100,1,,,,,,,,,,,,,,,,,,,5,6,0,0,0,0,0,,0
2,1,100,1,,,,,,,,,,,,,,,,,,,5,6,0,0,0,0,0,,0
2,1,100,1,,,,,,,,,,,,,,,,,,,5,6,0,0,0,0,0,,0
2,1,100,1,,,,,,,,,,,,,,,,,,,5,6,0,0,0,0,0,,0
2,1,100,1,,,,,,,,,,,,,,,,,,,5,6,0,0,0,0,0,,0
3,1,100,1,1,1,,,,,,,,,,,,,,,,,,,125,2000,125,125,0,,
3,1,100,1,1,1,,,,,,,,,,,,,,,,,,,124,1500,124,124,0,,
3,1,100,1,1,1,,,,,,,,,,,,,,,,,,,120,2200,120,120,0,,
3,1,100,1,1,1,,,,,,,,,,,,,,,,,,,127,1500,127,127,0,,
3,1,100,1,1,1,,,,,,,,,,,,,,,,,,,133,800,133,133,0,,
3,10,100,1,1,3,,,,,,,,,,,,,,,,,,,1190,5600,119,119,0,,
3,10,100,1,1,3,,,,,,,,,,,,,,,,,,,1240,5000,124,124,0,,
3,10,100,1,1,3,,,,,,,,,,,,,,,,,,,1070,3900,107,107,0,,
3,10,100,1,1,3,,,,,,,,,,,,,,,,,,,470,2500,47,47,0,,
3,10,100,1,1,3,,,,,,,,,,,,,,,,,,,1200,5800,120,120,0,,
3,5,100,1,1,2,,,,,,,5,2,,,,,,,,,,,650,1700,130,130,0,,
3,5,100,1,1,2,,,,,,,5,2,,,,,,,,,,,605,1900,121,121,0,,
3,5,100,1,1,2,,,,,,,5,2,,,,,,,,,,,620,2300,124,124,0,,
3,5,100,1,1,2,,,,,,,5,2,,,,,,,,,,,610,2200,122,122,0,,
3,5,100,1,1,2,,,,,,,5,2,,,,,,,,,,,605,1800,121,121,0,,
3,5,50,1,,,,,,,,,5,1,,,,,,,,,,,123,1450,123,123,0,,
3,5,50,1,,,,,,,,,5,1,,,,,,,,,,,121,1500,121,121,0,,
3,5,50,1,,,,,,,,,5,1,,,,,,,,,,,125,1650,125,125,0,,
3,5,50,1,,,,,,,,,5,1,,,,,,,,,,,121,2100,121,121,0,,
3,5,50,1,,,,,,,,,5,1,,,,,,,,,,,122,1750,122,122,0,,
3,5,200,1,,,,,,,,,5,3,,,,,,,,,,,107,3600,107,107,0,,
3,5,200,1,,,,,,,,,5,3,,,,,,,,,,,61,3800,61,61,0,,
3,5,200,1,,,,,,,,,5,3,,,,,,,,,,,37,1800,37,37,0,,
3,5,200,1,,,,,,,,,5,3,,,,,,,,,,,105,4000,105,105,0,,
3,5,200,1,,,,,,,,,5,3,,,,,,,,,,,68,2800,68,68,0,,
3,1,200,1,,,,,3,1,,,,,,,,,,,,,,,127,1000,127,127,0,,
3,1,200,1,,,,,3,1,,,,,,,,,,,,,,,169,1200,169,169,0,,
3,1,200,1,,,,,3,1,,,,,,,,,,,,,,,151,1000,151,151,0,,
3,1,200,1,,,,,3,1,,,,,,,,,,,,,,,179,1000,179,179,0,,
3,1,200,1,,,,,3,1,,,,,,,,,,,,,,,134,1000,134,134,0,,
3,1,200,2,,,,,3,2,,,,,,,,,,,,,,,246,1200,246,123,0,,
3,1,200,2,,,,,3,2,,,,,,,,,,,,,,,184,1400,184,92,26,,
3,1,200,2,,,,,3,2,,,,,,,,,,,,,,,190,1000,190,95,60,,
3,1,200,2,,,,,3,2,,,,,,,,,,,,,,,284,1400,284,142,0,,
3,1,200,2,,,,,3,2,,,,,,,,,,,,,,,124,1000,124,62,58,,
3,1,200,5,,,,,,,,,,,,,,,,,,,,,0,0,0,0,0,,
3,1,200,5,,,,,3,3,,,,,,,,,,,,,,,115,800,115,23,7,,
3,1,200,5,,,,,,,,,,,,,,,,,,,,,0,0,0,0,0,,
3,1,200,5,,,,,3,3,,,,,,,,,,,,,,,116,400,116,23,5,,
3,1,200,5,,,,,,,,,,,,,,,,,,,,,0,0,0,0,0,,
3,1,100,1,,,,,,,4,1,,,,,,,0,,,,,,133,1900,133,133,0,,
3,1,100,1,,,,,,,4,1,,,,,,,0,,,,,,131,1400,131,131,0,,
3,1,100,1,,,,,,,4,1,,,,,,,0,,,,,,127,1100,127,127,0,,
3,1,100,1,,,,,,,4,1,,,,,,,0,,,,,,127,1500,127,127,0,,
3,1,100,1,,,,,,,4,1,,,,,,,0,,,,,,131,1800,131,131,0,,
3,1,100,1,,,,,,,4,3,,,,,,,5,,,,,,91,700,126,126,5,,
3,1,100,1,,,,,,,4,3,,,,,,,5,,,,,,90,700,125,125,5,,
3,1,100,1,,,,,,,4,3,,,,,,,5,,,,,,80,1000,130,130,5,,
3,1,100,1,,,,,,,4,3,,,,,,,5,,,,,,83,1000,133,133,5,,
3,1,100,1,,,,,,,4,3,,,,,,,5,,,,,,76,1000,126,126,5,,
3,1,100,1,,,,,,,4,4,,,,,,,10,,,,,,47,900,137,137,10,,
3,1,100,1,,,,,,,4,4,,,,,,,10,,,,,,64,600,124,124,10,,
3,1,100,1,,,,,,,4,4,,,,,,,10,,,,,,79,600,139,139,10,,
3,1,100,1,,,,,,,4,4,,,,,,,10,,,,,,42,800,122,122,10,,
3,1,100,1,,,,,,,4,4,,,,,,,10,,,,,,54,800,134,134,10,,
3,1,100,1,,,,,,,4,2,,,,,,,2,,,,,,112,800,128,128,2,,
3,1,100,1,,,,,,,4,2,,,,,,,2,,,,,,149,800,165,165,2,,
3,1,100,1,,,,,,,4,2,,,,,,,2,,,,,,104,800,120,120,2,,
3,1,100,1,,,,,,,4,2,,,,,,,2,,,,,,110,900,128,128,2,,
3,1,100,1,,,,,,,4,2,,,,,,,2,,,,,,135,800,151,151,2,,
3,1,100,1,,,,,,,4,5,,,,,,,5,,,,,,143,700,178,178,5,,
3,1,100,1,,,,,,,4,5,,,,,,,5,,,,,,104,600,134,134,5,,
3,1,100,1,,,,,,,4,5,,,,,,,5,,,,,,105,600,135,135,5,,
3,1,100,1,,,,,,,4,5,,,,,,,5,,,,,,111,800,151,151,5,,
3,1,100,1,,,,,,,4,5,,,,,,,5,,,,,,116,700,151,151,5,,
3,1,100,1,,,2,1,,,,,,,,,,,,1,,,,,120,500,120,120,0,,
3,1,100,1,,,2,1,,,,,,,,,,,,1,,,,,125,700,125,125,0,,
3,1,100,1,,,2,1,,,,,,,,,,,,1,,,,,151,400,151,151,0,,
3,1,100,1,,,2,1,,,,,,,,,,,,1,,,,,123,500,123,123,0,,
3,1,100,1,,,2,1,,,,,,,,,,,,1,,,,,162,500,162,162,0,,
3,1,100,1,,,2,3,,,,,,,,,,,,5,,,,,33,300,165,165,0,,
3,1,100,1,,,2,3,,,,,,,,,,,,5,,,,,24,200,120,120,0,,
3,1,100,1,,,2,3,,,,,,,,,,,,5,,,,,24,200,120,120,0,,
3,1,100,1,,,2,3,,,,,,,,,,,,5,,,,,24,200,120,120,0,,
3,1,100,1,,,2,3,,,,,,,,,,,,5,,,,,35,300,175,175,0,,
3,1,100,1,,,2,4,,,,,,,,,,,,10,,,,,12,200,120,120,0,,
3,1,100,1,,,2,4,,,,,,,,,,,,10,,,,,12,200,120,120,0,,
3,1,100,1,,,2,4,,,,,,,,,,,,10,,,,,15,300,150,150,0,,
3,1,100,1,,,2,4,,,,,,,,,,,,10,,,,,12,200,120,120,0,,
3,1,100,1,,,2,4,,,,,,,,,,,,10,,,,,12,200,120,120,0,,
3,1,100,1,,,2,2,,,,,,,,,,,,2,,,,,65,300,130,130,0,,
3,1,100,1,,,2,2,,,,,,,,,,,,2,,,,,83,400,166,166,0,,
3,1,100,1,,,2,2,,,,,,,,,,,,2,,,,,77,300,154,154,0,,
3,1,100,1,,,2,2,,,,,,,,,,,,2,,,,,68,400,136,136,0,,
3,1,100,1,,,2,2,,,,,,,,,,,,2,,,,,52,400,104,104,60,,
3,1,100,1,,,2,5,,,,,,,,,,,,5,,,,,30,900,150,150,0,,
3,1,100,1,,,2,5,,,,,,,,,,,,5,,,,,31,600,155,155,0,,
3,1,100,1,,,2,5,,,,,,,,,,,,5,,,,,28,1100,140,140,0,,
3,1,100,1,,,2,5,,,,,,,,,,,,5,,,,,24,800,120,120,0,,
3,1,100,1,,,2,5,,,,,,,,,,,,5,,,,,25,900,125,125,0,,
3,1,100,1,,,,,,,,,,,6,1,,,,,,,,,131,2500,131,131,0,0,
3,1,100,1,,,,,,,,,,,6,1,,,,,,,,,113,3400,113,113,36,0,
3,1,100,1,,,,,,,,,,,6,1,,,,,,,,,121,2400,121,121,0,0,
3,1,100,1,,,,,,,,,,,6,1,,,,,,,,,121,2800,121,121,0,0,
3,1,100,1,,,,,,,,,,,6,1,,,,,,,,,135,2500,135,135,0,0,
3,1,100,1,,,,,,,,,,,6,3,,,,,2,6,,,104,1000,142,142,0,38,
3,1,100,1,,,,,,,,,,,6,3,,,,,2,6,,,136,1000,154,154,0,18,
3,1,100,1,,,,,,,,,,,6,3,,,,,2,6,,,138,1100,150,150,0,12,
3,1,100,1,,,,,,,,,,,6,3,,,,,2,6,,,115,1300,177,177,0,62,
3,1,100,1,,,,,,,,,,,6,3,,,,,2,6,,,124,800,126,126,0,2,
3,1,100,1,,,,,,,,,,,6,4,,,,,5,6,,,79,700,159,159,0,80,
3,1,100,1,,,,,,,,,,,6,4,,,,,5,6,,,135,1300,168,168,0,33,
3,1,100,1,,,,,,,,,,,6,4,,,,,5,6,,,81,1200,99,99,14,18,
3,1,100,1,,,,,,,,,,,6,4,,,,,5,6,,,106,1900,136,136,0,30,
3,1,100,1,,,,,,,,,,,6,4,,,,,5,6,,,65,900,120,120,0,55,
3,1,100,1,,,,,,,,,,,6,2,,,,,1,6,,,46,1500,50,50,3,4,
3,1,100,1,,,,,,,,,,,6,2,,,,,1,6,,,101,1600,111,111,12,10,
3,1,100,1,,,,,,,,,,,6,2,,,,,1,6,,,78,1300,81,81,0,3,
3,1,100,1,,,,,,,,,,,6,2,,,,,1,6,,,76,1100,87,87,0,11,
3,1,100,1,,,,,,,,,,,6,2,,,,,1,6,,,60,1800,60,60,4,0,
3,1,100,1,,,,,,,,,,,6,5,,,,,2,6,,,46,1100,46,46,0,0,
3,1,100,1,,,,,,,,,,,6,5,,,,,2,6,,,28,700,34,34,3,6,
3,1,100,1,,,,,,,,,,,6,5,,,,,2,6,,,74,1000,127,127,0,53,
3,1,100,1,,,,,,,,,,,6,5,,,,,2,6,,,32,800,34,34,0,2,
3,1,100,1,,,,,,,,,,,6,5,,,,,2,6,,,23,1000,51,51,30,28,
3,1,100,1,,,,,,,,,,,6,6,,,,,,,,,96,900,96,96,0,0,
3,1,100,1,,,,,,,,,,,6,6,,,,,,,,,130,1200,130,130,0,0,
3,1,100,1,,,,,,,,,,,6,6,,,,,,,,,122,1400,122,122,0,0,
3,1,100,1,,,,,,,,,,,6,6,,,,,,,,,131,1300,131,131,0,0,
3,1,100,1,,,,,,,,,,,6,6,,,,,,,,,129,1300,129,129,0,0,
3,1,100,1,,,,,,,,,,,6,8,,,,,2,12,,,104,1500,114,114,1,10,
3,1,100,1,,,,,,,,,,,6,8,,,,,2,12,,,129,2600,133,133,0,4,
3,1,100,1,,,,,,,,,,,6,8,,,,,2,12,,,115,1800,121,121,0,6,
3,1,100,1,,,,,,,,,,,6,8,,,,,2,12,,,176,1900,176,176,0,0,
3,1,100,1,,,,,,,,,,,6,8,,,,,2,12,,,131,2100,131,131,0,0,
3,1,100,1,,,,,,,,,,,6,9,,,,,5,12,,,130,1700,140,140,0,10,
3,1,100,1,,,,,,,,,,,6,9,,,,,5,12,,,96,1800,142,142,0,46,
3,1,100,1,,,,,,,,,,,6,9,,,,,5,12,,,43,1400,63,63,27,20,
3,1,100,1,,,,,,,,,,,6,9,,,,,5,12,,,104,1300,126,126,0,22,
3,1,100,1,,,,,,,,,,,6,9,,,,,5,12,,,35,900,35,35,0,0,
3,1,100,1,,,,,,,,,,,6,7,,,,,1,12,,,68,1600,68,68,0,0,
3,1,100,1,,,,,,,,,,,6,7,,,,,1,12,,,131,2000,131,131,1,0,
3,1,100,1,,,,,,,,,,,,,,,,,1,12,,,0,0,0,0,2,,
3,1,100,1,,,,,,,,,,,6,7,,,,,1,12,,,131,2100,132,132,0,1,
3,1,100,1,,,,,,,,,,,6,7,,,,,1,12,,,29,1000,30,30,0,1,
3,1,100,1,,,,,,,,,,,6,10,,,,,2,12,,,99,1300,103,103,0,4,
3,1,100,1,,,,,,,,,,,6,10,,,,,2,12,,,140,1600,148,148,0,8,
3,1,100,1,,,,,,,,,,,6,10,,,,,2,12,,,128,1400,136,136,0,8,
3,1,100,1,,,,,,,,,,,6,10,,,,,2,12,,,121,1700,125,125,0,4,
3,1,100,1,,,,,,,,,,,6,10,,,,,2,12,,,149,1400,153,153,0,4,
3,1,100,1,,,,,,,,,,,6,11,,,,,,,,,132,2000,132,132,0,0,
3,1,100,1,,,,,,,,,,,6,11,,,,,,,,,134,2300,134,134,0,0,
3,1,100,1,,,,,,,,,,,6,11,,,,,,,,,121,1600,121,121,0,0,
3,1,100,1,,,,,,,,,,,6,11,,,,,,,,,124,1800,124,124,0,0,
3,1,100,1,,,,,,,,,,,6,11,,,,,,,,,128,1600,128,128,0,0,
3,1,100,1,,,,,,,,,,,6,13,,,,,2,18,,,110,1300,132,132,0,22,
3,1,100,1,,,,,,,,,,,6,13,,,,,2,18,,,147,1000,151,151,0,4,
3,1,100,1,,,,,,,,,,,6,13,,,,,2,18,,,60,1000,64,64,14,4,
3,1,100,1,,,,,,,,,,,6,13,,,,,2,18,,,129,1100,133,133,0,4,
3,1,100,1,,,,,,,,,,,6,13,,,,,2,18,,,116,1200,120,120,0,4,
3,1,100,1,,,,,,,,,,,6,14,,,,,5,18,,,57,1200,57,57,0,0,
3,1,100,1,,,,,,,,,,,6,14,,,,,5,18,,,75,1400,75,75,8,0,
3,1,100,1,,,,,,,,,,,6,14,,,,,5,18,,,111,1600,111,111,0,0,
3,1,100,1,,,,,,,,,,,6,14,,,,,5,18,,,119,1800,124,124,0,5,
3,1,100,1,,,,,,,,,,,6,14,,,,,5,18,,,103,1300,108,108,0,5,
3,1,100,1,,,,,,,,,,,6,12,,,,,1,18,,,103,1300,106,106,4,3,
3,1,100,1,,,,,,,,,,,6,12,,,,,1,18,,,89,1200,89,89,0,0,
3,1,100,1,,,,,,,,,,,6,12,,,,,1,18,,,56,1200,56,56,2,0,
3,1,100,1,,,,,,,,,,,6,12,,,,,1,18,,,130,1600,130,130,0,0,
3,1,100,1,,,,,,,,,,,6,12,,,,,1,18,,,54,1300,54,54,1,0,
3,1,100,1,,,,,,,,,,,6,15,,,,,2,18,,,145,1200,149,149,0,4,
3,1,100,1,,,,,,,,,,,6,15,,,,,2,18,,,33,700,67,67,12,34,
3,1,100,1,,,,,,,,,,,6,15,,,,,2,18,,,127,1400,129,129,0,2,
3,1,100,1,,,,,,,,,,,6,15,,,,,2,18,,,126,1000,134,134,0,8,
3,1,100,1,,,,,,,,,,,6,15,,,,,2,18,,,116,1100,120,120,0,4,
3,1,100,1,,,,,,,,,,,6,16,,,,,,,,,126,1300,126,126,0,0,
3,1,100,1,,,,,,,,,,,6,16,,,,,,,,,121,1300,121,121,0,0,
3,1,100,1,,,,,,,,,,,6,16,,,,,,,,,142,1300,142,142,0,0,
3,1,100,1,,,,,,,,,,,6,16,,,,,,,,,125,1400,125,125,0,0,
3,1,100,1,,,,,,,,,,,6,16,,,,,,,,,142,1500,142,142,0,0,
3,1,100,1,,,,,,,,,,,6,18,,,,,2,6,,,108,1100,120,120,0,12,
3,1,100,1,,,,,,,,,,,6,18,,,,,2,6,,,101,1500,123,123,0,22,
3,1,100,1,,,,,,,,,,,6,18,,,,,2,6,,,94,1300,136,136,0,42,
3,1,100,1,,,,,,,,,,,6,18,,,,,2,6,,,98,2000,116,116,0,18,
3,1,100,1,,,,,,,,,,,6,18,,,,,2,6,,,85,1200,133,133,0,48,
3,1,100,1,,,,,,,,,,,6,19,,,,,5,6,,,92,1600,92,92,0,0,
3,1,100,1,,,,,,,,,,,6,19,,,,,5,6,,,52,700,122,122,0,70,
3,1,100,1,,,,,,,,,,,6,19,,,,,5,6,,,53,800,144,144,0,91,
3,1,100,1,,,,,,,,,,,6,19,,,,,5,6,,,120,1200,145,145,0,25,
3,1,100,1,,,,,,,,,,,6,19,,,,,5,6,,,87,900,168,168,0,81,
3,1,100,1,,,,,,,,,,,,,,,,,2,6,,,112,1200,134,134,0,22,
3,1,100,1,,,,,,,,,,,,,,,,,2,6,,,137,1100,155,155,0,18,
3,1,100,1,,,,,,,,,,,,,,,,,2,6,,,113,1300,129,129,0,16,
3,1,100,1,,,,,,,,,,,,,,,,,2,6,,,101,1800,127,127,0,26,
3,1,100,1,,,,,,,,,,,,,,,,,2,6,,,82,1400,82,82,0,0,
3,1,100,1,,,,,,,,,,,6,17,,,,,1,6,,,123,1200,138,138,0,15,
3,1,100,1,,,,,,,,,,,6,17,,,,,1,6,,,105,900,125,125,0,20,
3,1,100,1,,,,,,,,,,,6,17,,,,,1,6,,,124,1100,135,135,0,11,
3,1,100,1,,,,,,,,,,,6,17,,,,,1,6,,,101,1100,121,121,0,20,
3,1,100,1,,,,,,,,,,,6,17,,,,,1,6,,,128,1200,139,139,0,11,
3,1,100,1,,,,,,,,,,,,,,,,,5,6,,,74,1100,124,124,0,50,
3,1,100,1,,,,,,,,,,,,,,,,,5,6,,,106,1000,141,141,0,35,
3,1,100,1,,,,,,,,,,,,,,,,,5,6,,,90,1600,130,130,0,40,
3,1,100,1,,,,,,,,,,,,,,,,,5,6,,,90,1500,125,125,0,35,
3,1,100,1,,,,,,,,,,,,,,,,,5,6,,,79,1100,122,122,0,43,
3,1,100,1,,,,,,,,,,,,,7,1,,,,,,,114,1600,114,114,12,,0
3,1,100,1,,,,,,,,,,,,,7,1,,,,,,,113,1400,113,113,6,,0
3,1,100,1,,,,,,,,,,,,,7,1,,,,,,,106,2100,106,106,1,,0
3,1,100,1,,,,,,,,,,,,,7,1,,,,,,,120,1500,120,120,0,,0
3,1,100,1,,,,,,,,,,,,,7,1,,,,,,,67,1300,67,67,0,,0
3,1,100,1,,,,,,,,,,,,,7,3,,,,,2,6,122,1100,120,120,0,,2
3,1,100,1,,,,,,,,,,,,,7,3,,,,,2,6,144,1700,130,130,0,,14
3,1,100,1,,,,,,,,,,,,,7,3,,,,,2,6,148,1600,122,122,0,,26
3,1,100,1,,,,,,,,,,,,,7,3,,,,,2,6,151,1400,109,109,6,,42
3,1,100,1,,,,,,,,,,,,,7,3,,,,,2,6,128,1400,110,110,0,,18
3,1,100,1,,,,,,,,,,,,,7,4,,,,,5,6,22,800,12,12,2,,10
3,1,100,1,,,,,,,,,,,,,7,4,,,,,5,6,12,300,7,7,0,,5
3,1,100,1,,,,,,,,,,,,,7,4,,,,,5,6,55,900,35,35,1,,20
3,1,100,1,,,,,,,,,,,,,7,4,,,,,5,6,23,400,18,18,0,,5
3,1,100,1,,,,,,,,,,,,,7,4,,,,,5,6,16,500,16,16,0,,0
3,1,100,1,,,,,,,,,,,,,7,2,,,,,1,6,142,1900,128,128,0,,14
3,1,100,1,,,,,,,,,,,,,7,2,,,,,1,6,134,1900,126,126,0,,8
3,1,100,1,,,,,,,,,,,,,7,2,,,,,1,6,136,1800,122,122,0,,14
3,1,100,1,,,,,,,,,,,,,7,2,,,,,1,6,147,2100,128,128,0,,19
3,1,100,1,,,,,,,,,,,,,7,2,,,,,1,6,138,1900,136,136,0,,2
3,1,100,1,,,,,,,,,,,,,7,5,,,,,2,6,144,1000,122,122,0,,22
3,1,100,1,,,,,,,,,,,,,7,5,,,,,2,6,169,1400,123,123,0,,46
3,1,100,1,,,,,,,,,,,,,7,5,,,,,2,6,151,1400,121,121,0,,30
3,1,100,1,,,,,,,,,,,,,7,5,,,,,2,6,116,1800,94,94,8,,22
3,1,100,1,,,,,,,,,,,,,7,5,,,,,2,6,159,1500,117,117,0,,42
3,1,100,1,,,,,,,,,,,,,7,6,,,,,,,130,1200,130,130,0,,0
3,1,100,1,,,,,,,,,,,,,7,6,,,,,,,79,1400,79,79,3,,0
3,1,100,1,,,,,,,,,,,,,7,6,,,,,,,95,1600,95,95,4,,0
3,1,100,1,,,,,,,,,,,,,7,6,,,,,,,125,1500,125,125,0,,0
3,1,100,1,,,,,,,,,,,,,7,6,,,,,,,81,1300,81,81,3,,0
3,1,100,1,,,,,,,,,,,,,7,8,,,,,2,12,100,1000,74,74,22,,26
3,1,100,1,,,,,,,,,,,,,7,8,,,,,2,12,130,1100,120,120,0,,10
3,1,100,1,,,,,,,,,,,,,7,8,,,,,2,12,148,1300,132,132,0,,16
3,1,100,1,,,,,,,,,,,,,7,8,,,,,2,12,141,1400,107,107,29,,34
3,1,100,1,,,,,,,,,,,,,7,8,,,,,2,12,129,1300,115,115,20,,14
3,1,100,1,,,,,,,,,,,,,7,9,,,,,5,12,74,700,49,49,0,,25
3,1,100,1,,,,,,,,,,,,,7,9,,,,,5,12,26,600,21,21,0,,5
3,1,100,1,,,,,,,,,,,,,7,9,,,,,5,12,89,800,69,69,18,,20
3,1,100,1,,,,,,,,,,,,,7,9,,,,,5,12,152,800,122,122,0,,30
3,1,100,1,,,,,,,,,,,,,7,9,,,,,5,12,82,700,62,62,1,,20
3,1,100,1,,,,,,,,,,,,,7,7,,,,,1,12,32,600,30,30,2,,2
3,1,100,1,,,,,,,,,,,,,7,7,,,,,1,12,58,800,54,54,0,,4
3,1,100,1,,,,,,,,,,,,,7,7,,,,,1,12,26,700,26,26,0,,0
3,1,100,1,,,,,,,,,,,,,7,7,,,,,1,12,16,400,16,16,3,,0
3,1,100,1,,,,,,,,,,,,,7,7,,,,,1,12,6,300,6,6,7,,0
3,1,100,1,,,,,,,,,,,,,7,10,,,,,2,12,33,400,25,25,0,,8
3,1,100,1,,,,,,,,,,,,,7,10,,,,,2,12,50,600,40,40,1,,10
3,1,100,1,,,,,,,,,,,,,7,10,,,,,2,12,68,800,64,64,14,,4
3,1,100,1,,,,,,,,,,,,,7,10,,,,,2,12,34,700,34,34,5,,0
3,1,100,1,,,,,,,,,,,,,7,10,,,,,2,12,70,500,68,68,0,,2
3,1,100,1,,,,,,,,,,,,,7,11,,,,,,,85,800,85,85,2,,0
3,1,100,1,,,,,,,,,,,,,7,11,,,,,,,86,900,86,86,7,,0
3,1,100,1,,,,,,,,,,,,,7,11,,,,,,,42,800,42,42,1,,0
3,1,100,1,,,,,,,,,,,,,7,11,,,,,,,81,1100,81,81,13,,0
3,1,100,1,,,,,,,,,,,,,7,11,,,,,,,49,800,49,49,1,,0
3,1,100,1,,,,,,,,,,,,,7,13,,,,,2,18,23,400,21,21,4,,2
3,1,100,1,,,,,,,,,,,,,7,13,,,,,2,18,18,200,18,18,0,,0
3,1,100,1,,,,,,,,,,,,,7,13,,,,,2,18,26,400,26,26,0,,0
3,1,100,1,,,,,,,,,,,,,7,13,,,,,2,18,12,200,12,12,1,,0
3,1,100,1,,,,,,,,,,,,,7,13,,,,,2,18,24,400,24,24,0,,0
3,1,100,1,,,,,,,,,,,,,7,14,,,,,5,18,56,900,56,56,1,,0
3,1,100,1,,,,,,,,,,,,,7,14,,,,,5,18,35,700,35,35,0,,0
3,1,100,1,,,,,,,,,,,,,7,14,,,,,5,18,45,400,45,45,0,,0
3,1,100,1,,,,,,,,,,,,,7,14,,,,,5,18,111,900,96,96,11,,15
3,1,100,1,,,,,,,,,,,,,7,14,,,,,5,18,49,800,49,49,0,,0
3,1,100,1,,,,,,,,,,,,,7,12,,,,,1,18,43,600,43,43,7,,0
3,1,100,1,,,,,,,,,,,,,7,12,,,,,1,18,31,500,31,31,4,,0
3,1,100,1,,,,,,,,,,,,,7,12,,,,,1,18,31,400,31,31,1,,0
3,1,100,1,,,,,,,,,,,,,7,12,,,,,1,18,35,700,35,35,0,,0
3,1,100,1,,,,,,,,,,,,,7,12,,,,,1,18,99,1100,98,98,0,,1
3,1,100,1,,,,,,,,,,,,,7,15,,,,,2,18,73,1000,73,73,0,,0
3,1,100,1,,,,,,,,,,,,,7,15,,,,,2,18,33,800,33,33,4,,0
3,1,100,1,,,,,,,,,,,,,7,15,,,,,2,18,76,700,76,76,3,,0
3,1,100,1,,,,,,,,,,,,,7,15,,,,,2,18,77,1000,77,77,0,,0
3,1,100,1,,,,,,,,,,,,,7,15,,,,,2,18,132,1300,126,126,0,,6
4,1,100,1,1,1,,,,,,,,,,,,,,,,,,,61,1200,61,61,6,,
4,1,100,1,1,1,,,,,,,,,,,,,,,,,,,63,1200,63,63,0,,
4,1,100,1,1,1,,,,,,,,,,,,,,,,,,,61,900,61,61,1,,
4,1,100,1,1,1,,,,,,,,,,,,,,,,,,,62,600,62,62,0,,
4,1,100,1,1,1,,,,,,,,,,,,,,,,,,,56,800,56,56,0,,
4,10,100,1,1,3,,,,,,,,,,,,,,,,,,,430,3000,43,43,0,,
4,10,100,1,1,3,,,,,,,,,,,,,,,,,,,350,3200,35,35,0,,
4,10,100,1,1,3,,,,,,,,,,,,,,,,,,,460,3300,46,46,0,,
4,10,100,1,1,3,,,,,,,,,,,,,,,,,,,360,3200,36,36,1,,
4,10,100,1,1,3,,,,,,,,,,,,,,,,,,,370,3600,37,37,0,,
4,5,100,1,1,2,,,,,,,5,2,,,,,,,,,,,175,2600,35,35,1,,
4,5,100,1,1,2,,,,,,,5,2,,,,,,,,,,,205,3200,41,41,2,,
4,5,100,1,1,2,,,,,,,5,2,,,,,,,,,,,65,1200,13,13,0,,
4,5,100,1,1,2,,,,,,,5,2,,,,,,,,,,,285,3400,57,57,0,,
4,5,100,1,1,2,,,,,,,5,2,,,,,,,,,,,150,2100,30,30,0,,
4,5,50,1,,,,,,,,,5,1,,,,,,,,,,,120,5900,120,120,0,,
4,5,50,1,,,,,,,,,5,1,,,,,,,,,,,109,5000,109,109,1,,
4,5,50,1,,,,,,,,,5,1,,,,,,,,,,,99,4850,99,99,0,,
4,5,50,1,,,,,,,,,5,1,,,,,,,,,,,98,4700,98,98,0,,
4,5,50,1,,,,,,,,,5,1,,,,,,,,,,,102,5000,102,102,0,,
4,5,200,1,,,,,,,,,5,3,,,,,,,,,,,32,2000,32,32,0,,
4,5,200,1,,,,,,,,,5,3,,,,,,,,,,,40,2000,40,40,6,,
4,5,200,1,,,,,,,,,5,3,,,,,,,,,,,27,2000,27,27,12,,
4,5,200,1,,,,,,,,,5,3,,,,,,,,,,,35,1600,35,35,0,,
4,5,200,1,,,,,,,,,5,3,,,,,,,,,,,29,2000,29,29,2,,
4,1,200,1,,,,,3,1,,,,,,,,,,,,,,,102,600,102,102,3,,
4,1,200,1,,,,,3,1,,,,,,,,,,,,,,,104,800,104,104,1,,
4,1,200,1,,,,,3,1,,,,,,,,,,,,,,,52,400,52,52,41,,
4,1,200,1,,,,,3,1,,,,,,,,,,,,,,,175,1000,175,175,0,,
4,1,200,1,,,,,3,1,,,,,,,,,,,,,,,120,800,120,120,0,,
4,1,200,2,,,,,3,2,,,,,,,,,,,,,,,36,1200,36,18,15,,
4,1,200,2,,,,,3,2,,,,,,,,,,,,,,,84,1800,84,42,22,,
4,1,200,2,,,,,3,2,,,,,,,,,,,,,,,66,1400,66,33,9,,
4,1,200,2,,,,,3,2,,,,,,,,,,,,,,,44,1400,44,22,10,,
4,1,200,2,,,,,3,2,,,,,,,,,,,,,,,42,1000,42,21,1,,
4,1,200,5,,,,,3,3,,,,,,,,,,,,,,,20,200,20,4,1,,
4,1,200,5,,,,,3,3,,,,,,,,,,,,,,,20,200,20,4,2,,
4,1,200,5,,,,,3,3,,,,,,,,,,,,,,,30,200,30,6,1,,
4,1,200,5,,,,,3,3,,,,,,,,,,,,,,,5,200,5,1,9,,
4,1,200,5,,,,,3,3,,,,,,,,,,,,,,,5,200,5,1,2,,
4,1,200,1,,,,,,,4,1,,,,,,,0,,,,,,31,400,31,31,2,,
4,1,200,1,,,,,,,4,1,,,,,,,0,,,,,,31,600,31,31,6,,
4,1,200,1,,,,,,,4,1,,,,,,,0,,,,,,26,400,26,26,3,,
4,1,200,1,,,,,,,4,1,,,,,,,0,,,,,,39,1200,39,39,0,,
4,1,200,1,,,,,,,4,1,,,,,,,0,,,,,,65,1000,65,65,1,,
4,1,200,1,,,,,,,4,3,,,,,,,5,,,,,,5,800,25,25,5,,
4,1,200,1,,,,,,,4,3,,,,,,,5,,,,,,3,200,8,8,10,,
4,1,200,1,,,,,,,4,3,,,,,,,5,,,,,,9,1600,49,49,5,,
4,1,200,1,,,,,,,4,3,,,,,,,5,,,,,,8,1400,43,43,10,,
4,1,200,1,,,,,,,4,3,,,,,,,5,,,,,,7,1400,42,42,11,,
4,1,200,1,,,,,,,4,4,,,,,,,10,,,,,,12,1000,62,62,10,,
4,1,200,1,,,,,,,4,4,,,,,,,10,,,,,,10,1000,60,60,5,,
4,1,200,1,,,,,,,4,4,,,,,,,10,,,,,,13,1000,63,63,10,,
4,1,200,1,,,,,,,4,4,,,,,,,10,,,,,,8,1400,78,78,3,,
4,1,200,1,,,,,,,4,4,,,,,,,10,,,,,,18,1000,68,68,10,,
4,1,200,1,,,,,,,4,2,,,,,,,2,,,,,,27,1600,43,43,2,,
4,1,200,1,,,,,,,4,2,,,,,,,2,,,,,,65,1400,79,79,2,,
4,1,200,1,,,,,,,4,2,,,,,,,2,,,,,,74,2600,100,100,3,,
4,1,200,1,,,,,,,4,2,,,,,,,2,,,,,,22,2000,42,42,8,,
4,1,200,1,,,,,,,4,2,,,,,,,2,,,,,,46,1800,64,64,5,,
4,1,200,1,,,,,,,4,5,,,,,,,5,,,,,,18,200,23,23,6,,
4,1,200,1,,,,,,,4,5,,,,,,,5,,,,,,14,400,24,24,6,,
4,1,200,1,,,,,,,4,5,,,,,,,5,,,,,,26,400,36,36,12,,
4,1,200,1,,,,,,,4,5,,,,,,,5,,,,,,23,600,38,38,5,,
4,1,200,1,,,,,,,4,5,,,,,,,5,,,,,,55,1000,80,80,6,,
4,1,200,1,,,2,1,,,,,,,,,,,,1,,,,,54,800,54,54,0,,
4,1,200,1,,,2,1,,,,,,,,,,,,1,,,,,78,1600,78,78,0,,
4,1,200,1,,,2,1,,,,,,,,,,,,1,,,,,53,1000,53,53,13,,
4,1,200,1,,,2,1,,,,,,,,,,,,1,,,,,75,1400,75,75,0,,
4,1,200,1,,,2,1,,,,,,,,,,,,1,,,,,50,1000,50,50,11,,
4,1,200,1,,,2,3,,,,,,,,,,,,5,,,,,18,400,90,90,10,,
4,1,200,1,,,2,3,,,,,,,,,,,,5,,,,,17,600,85,85,0,,
4,1,200,1,,,2,3,,,,,,,,,,,,5,,,,,11,400,55,55,15,,
4,1,200,1,,,2,3,,,,,,,,,,,,5,,,,,18,400,90,90,5,,
4,1,200,1,,,2,3,,,,,,,,,,,,5,,,,,20,600,100,100,0,,
4,1,200,1,,,2,4,,,,,,,,,,,,10,,,,,11,400,110,110,0,,
4,1,200,1,,,2,4,,,,,,,,,,,,10,,,,,6,200,60,60,60,,
4,1,200,1,,,2,4,,,,,,,,,,,,10,,,,,7,400,70,70,0,,
4,1,200,1,,,2,4,,,,,,,,,,,,10,,,,,9,400,90,90,10,,
4,1,200,1,,,2,4,,,,,,,,,,,,10,,,,,6,200,60,60,60,,
4,1,200,1,,,2,2,,,,,,,,,,,,2,,,,,31,1000,62,62,36,,
4,1,200,1,,,2,2,,,,,,,,,,,,2,,,,,34,800,68,68,40,,
4,1,200,1,,,2,2,,,,,,,,,,,,2,,,,,23,600,46,46,20,,
4,1,200,1,,,2,2,,,,,,,,,,,,2,,,,,34,1000,68,68,12,,
4,1,200,1,,,2,2,,,,,,,,,,,,2,,,,,71,1200,142,142,0,,
4,1,200,1,,,2,5,,,,,,,,,,,,5,,,,,12,200,60,60,60,,
4,1,200,1,,,2,5,,,,,,,,,,,,5,,,,,24,400,120,120,0,,
4,1,200,1,,,2,5,,,,,,,,,,,,5,,,,,12,200,60,60,5,,
4,1,200,1,,,2,5,,,,,,,,,,,,5,,,,,24,400,120,120,0,,
4,1,200,1,,,2,5,,,,,,,,,,,,5,,,,,12,200,60,60,45,,
4,1,200,1,,,,,,,,,,,6,1,,,,,,,,,47,1200,47,47,56,0,
4,1,200,1,,,,,,,,,,,6,1,,,,,,,,,70,1400,70,70,9,0,
4,1,200,1,,,,,,,,,,,6,1,,,,,,,,,43,600,43,43,4,0,
4,1,200,1,,,,,,,,,,,6,1,,,,,,,,,104,1400,104,104,4,0,
4,1,200,1,,,,,,,,,,,6,1,,,,,,,,,69,600,69,69,0,0,
4,1,200,1,,,,,,,,,,,,,,,,,2,6,,,0,0,0,0,10,,
4,1,200,1,,,,,,,,,,,6,3,,,,,2,6,,,67,1000,67,67,0,0,
4,1,200,1,,,,,,,,,,,6,3,,,,,2,6,,,79,1200,79,79,0,0,
4,1,200,1,,,,,,,,,,,6,3,,,,,2,6,,,62,1000,72,72,2,10,
4,1,200,1,,,,,,,,,,,6,3,,,,,2,6,,,67,1000,67,67,0,0,
4,1,200,1,,,,,,,,,,,6,4,,,,,5,6,,,30,800,84,84,46,54,
4,1,200,1,,,,,,,,,,,6,4,,,,,5,6,,,22,600,123,123,0,101,
4,1,200,1,,,,,,,,,,,6,4,,,,,5,6,,,44,800,103,103,0,59,
4,1,200,1,,,,,,,,,,,6,4,,,,,5,6,,,28,400,120,120,0,92,
4,1,200,1,,,,,,,,,,,6,4,,,,,5,6,,,24,600,125,125,0,101,
4,1,200,1,,,,,,,,,,,6,2,,,,,1,6,,,95,600,123,123,0,28,
4,1,200,1,,,,,,,,,,,6,2,,,,,1,6,,,38,600,38,38,5,0,
4,1,200,1,,,,,,,,,,,6,2,,,,,1,6,,,66,400,107,107,1,41,
4,1,200,1,,,,,,,,,,,6,2,,,,,1,6,,,42,600,79,79,0,37,
4,1,200,1,,,,,,,,,,,6,2,,,,,1,6,,,39,400,81,81,60,42,
4,1,200,1,,,,,,,,,,,6,5,,,,,2,6,,,29,400,67,67,16,38,
4,1,200,1,,,,,,,,,,,6,5,,,,,2,6,,,55,800,81,81,0,26,
4,1,200,1,,,,,,,,,,,6,5,,,,,2,6,,,8,600,62,62,60,54,
4,1,200,1,,,,,,,,,,,6,5,,,,,2,6,,,51,400,51,51,0,0,
4,1,200,1,,,,,,,,,,,6,5,,,,,2,6,,,30,400,84,84,2,54,
4,1,200,1,,,,,,,,,,,6,6,,,,,,,,,54,1000,54,54,0,0,
4,1,200,1,,,,,,,,,,,6,6,,,,,,,,,68,800,68,68,0,0,
4,1,200,1,,,,,,,,,,,6,6,,,,,,,,,79,800,79,79,0,0,
4,1,200,1,,,,,,,,,,,6,6,,,,,,,,,53,800,53,53,4,0,
4,1,200,1,,,,,,,,,,,6,6,,,,,,,,,58,800,58,58,2,0,
4,1,200,1,,,,,,,,,,,6,8,,,,,2,12,,,81,800,81,81,14,0,
4,1,200,1,,,,,,,,,,,6,8,,,,,2,12,,,70,1000,70,70,0,0,
4,1,200,1,,,,,,,,,,,6,8,,,,,2,12,,,72,1400,72,72,2,0,
4,1,200,1,,,,,,,,,,,6,8,,,,,2,12,,,68,1000,68,68,34,0,
4,1,200,1,,,,,,,,,,,6,8,,,,,2,12,,,39,1200,39,39,49,0,
4,1,200,1,,,,,,,,,,,6,9,,,,,5,12,,,80,1400,80,80,0,0,
4,1,200,1,,,,,,,,,,,6,9,,,,,5,12,,,89,1000,89,89,0,0,
4,1,200,1,,,,,,,,,,,6,9,,,,,5,12,,,48,800,48,48,20,0,
4,1,200,1,,,,,,,,,,,6,9,,,,,5,12,,,82,800,82,82,0,0,
4,1,200,1,,,,,,,,,,,6,9,,,,,5,12,,,89,1000,89,89,0,0,
4,1,200,1,,,,,,,,,,,6,7,,,,,1,12,,,77,600,77,77,7,0,
4,1,200,1,,,,,,,,,,,6,7,,,,,1,12,,,69,600,69,69,0,0,
4,1,200,1,,,,,,,,,,,6,7,,,,,1,12,,,90,1000,90,90,0,0,
4,1,200,1,,,,,,,,,,,6,7,,,,,1,12,,,85,1000,85,85,0,0,
4,1,200,1,,,,,,,,,,,6,7,,,,,1,12,,,95,800,95,95,0,0,
4,1,200,1,,,,,,,,,,,6,10,,,,,2,12,,,72,1200,72,72,0,0,
4,1,200,1,,,,,,,,,,,6,10,,,,,2,12,,,70,800,70,70,2,0,
4,1,200,1,,,,,,,,,,,6,10,,,,,2,12,,,41,600,41,41,0,0,
4,1,200,1,,,,,,,,,,,6,10,,,,,2,12,,,80,1000,80,80,0,0,
4,1,200,1,,,,,,,,,,,6,10,,,,,2,12,,,85,1200,85,85,0,0,
4,1,200,1,,,,,,,,,,,6,11,,,,,,,,,69,1200,69,69,3,0,
4,1,200,1,,,,,,,,,,,6,11,,,,,,,,,53,1200,53,53,17,0,
4,1,200,1,,,,,,,,,,,6,11,,,,,,,,,67,1200,67,67,12,0,
4,1,200,1,,,,,,,,,,,6,11,,,,,,,,,64,800,64,64,0,0,
4,1,200,1,,,,,,,,,,,6,11,,,,,,,,,42,600,42,42,0,0,
4,1,200,1,,,,,,,,,,,6,13,,,,,2,18,,,28,1000,28,28,14,0,
4,1,200,1,,,,,,,,,,,6,13,,,,,2,18,,,44,1400,44,44,2,0,
4,1,200,1,,,,,,,,,,,6,13,,,,,2,18,,,95,1600,97,97,5,2,
4,1,200,1,,,,,,,,,,,6,13,,,,,2,18,,,72,1400,74,74,13,2,
4,1,200,1,,,,,,,,,,,6,13,,,,,2,18,,,82,2200,82,82,0,0,
4,1,200,1,,,,,,,,,,,6,14,,,,,5,18,,,71,1200,71,71,3,0,
4,1,200,1,,,,,,,,,,,6,14,,,,,5,18,,,116,1200,116,116,3,0,
4,1,200,1,,,,,,,,,,,6,14,,,,,5,18,,,66,800,66,66,18,0,
4,1,200,1,,,,,,,,,,,6,14,,,,,5,18,,,76,800,76,76,20,0,
4,1,200,1,,,,,,,,,,,6,14,,,,,5,18,,,64,600,79,79,0,15,
4,1,200,1,,,,,,,,,,,6,12,,,,,1,18,,,78,1000,78,78,0,0,
4,1,200,1,,,,,,,,,,,6,12,,,,,1,18,,,73,1000,73,73,7,0,
4,1,200,1,,,,,,,,,,,6,12,,,,,1,18,,,95,1000,95,95,1,0,
4,1,200,1,,,,,,,,,,,6,12,,,,,1,18,,,68,800,68,68,3,0,
4,1,200,1,,,,,,,,,,,6,12,,,,,1,18,,,43,800,43,43,16,0,
4,1,200,1,,,,,,,,,,,6,15,,,,,2,18,,,108,1400,108,108,0,0,
4,1,200,1,,,,,,,,,,,6,15,,,,,2,18,,,32,600,32,32,0,0,
4,1,200,1,,,,,,,,,,,6,15,,,,,2,18,,,115,1800,115,115,5,0,
4,1,200,1,,,,,,,,,,,6,15,,,,,2,18,,,78,1200,78,78,16,0,
4,1,200,1,,,,,,,,,,,6,15,,,,,2,18,,,81,1400,81,81,15,0,
4,1,200,1,,,,,,,,,,,6,16,,,,,,,,,65,1000,65,65,4,0,
4,1,200,1,,,,,,,,,,,6,16,,,,,,,,,45,800,45,45,9,0,
4,1,200,1,,,,,,,,,,,6,16,,,,,,,,,57,1400,57,57,0,0,
4,1,200,1,,,,,,,,,,,6,16,,,,,,,,,67,2200,67,67,10,0,
4,1,200,1,,,,,,,,,,,6,16,,,,,,,,,97,1800,97,97,0,0,
4,1,200,1,,,,,,,,,,,6,18,,,,,2,6,,,64,1200,64,64,9,0,
4,1,200,1,,,,,,,,,,,6,18,,,,,2,6,,,81,1400,81,81,0,0,
4,1,200,1,,,,,,,,,,,6,18,,,,,2,6,,,93,1400,93,93,4,0,
4,1,200,1,,,,,,,,,,,6,18,,,,,2,6,,,58,1600,58,58,0,0,
4,1,200,1,,,,,,,,,,,6,18,,,,,2,6,,,97,1400,97,97,6,0,
4,1,200,1,,,,,,,,,,,6,17,,,,,1,6,,,100,1000,100,100,9,0,
4,1,200,1,,,,,,,,,,,6,17,,,,,1,6,,,97,1000,100,100,20,3,
4,1,200,1,,,,,,,,,,,6,17,,,,,1,6,,,75,800,75,75,0,0,
4,1,200,1,,,,,,,,,,,6,17,,,,,1,6,,,104,800,115,115,0,11,
4,1,200,1,,,,,,,,,,,6,17,,,,,1,6,,,83,800,85,85,0,2,
4,1,200,1,,,,,,,,,,,,,,,,,2,6,,,100,1000,100,100,0,0,
4,1,200,1,,,,,,,,,,,,,,,,,2,6,,,86,1000,90,90,0,4,
4,1,200,1,,,,,,,,,,,,,,,,,2,6,,,76,800,98,98,0,22,
4,1,200,1,,,,,,,,,,,,,,,,,2,6,,,74,1000,92,92,0,18,
4,1,200,1,,,,,,,,,,,,,,,,,2,6,,,87,800,87,87,28,0,
4,1,200,1,,,,,,,,,,,6,19,,,,,5,6,,,78,1000,93,93,0,15,
4,1,200,1,,,,,,,,,,,6,19,,,,,5,6,,,58,600,118,118,60,60,
4,1,200,1,,,,,,,,,,,6,19,,,,,5,6,,,64,600,109,109,0,45,
4,1,200,1,,,,,,,,,,,6,19,,,,,5,6,,,40,800,98,98,2,58,
4,1,200,1,,,,,,,,,,,6,19,,,,,5,6,,,42,600,77,77,0,35,
4,1,200,1,,,,,,,,,,,,,,,,,2,6,,,55,800,121,121,0,66,
4,1,200,1,,,,,,,,,,,,,,,,,2,6,,,51,800,59,59,0,8,
4,1,200,1,,,,,,,,,,,,,,,,,2,6,,,55,1000,63,63,16,8,
4,1,200,1,,,,,,,,,,,,,,,,,2,6,,,58,800,68,68,0,10,
4,1,200,1,,,,,,,,,,,,,,,,,2,6,,,53,600,53,53,0,0,
4,1,200,1,,,,,,,,,,,,,,,,,1,6,,,67,800,67,67,0,0,
4,1,200,1,,,,,,,,,,,,,,,,,1,6,,,74,1000,74,74,0,0,
4,1,200,1,,,,,,,,,,,,,,,,,1,6,,,65,1000,74,74,11,9,
4,1,200,1,,,,,,,,,,,,,,,,,1,6,,,82,1000,82,82,1,0,
4,1,200,1,,,,,,,,,,,,,,,,,1,6,,,57,800,59,59,3,2,
4,1,200,1,,,,,,,,,,,,,,,,,5,6,,,28,600,126,126,0,98,
4,1,200,1,,,,,,,,,,,,,,,,,5,6,,,26,600,95,95,1,69,
4,1,200,1,,,,,,,,,,,,,,,,,5,6,,,37,800,136,136,0,99,
4,1,200,1,,,,,,,,,,,,,,,,,5,6,,,17,600,68,68,0,51,
4,1,200,1,,,,,,,,,,,,,,,,,5,6,,,35,1200,134,134,0,99,
4,1,200,1,,,,,,,,,,,,,7,1,,,,,,,80,1400,80,80,2,,0
4,1,200,1,,,,,,,,,,,,,7,1,,,,,,,75,1600,75,75,2,,0
4,1,200,1,,,,,,,,,,,,,7,1,,,,,,,48,1600,48,48,0,,0
4,1,200,1,,,,,,,,,,,,,7,1,,,,,,,67,1800,67,67,4,,0
4,1,200,1,,,,,,,,,,,,,7,1,,,,,,,41,1200,41,41,3,,0
4,1,200,1,,,,,,,,,,,,,7,3,,,,,2,6,64,1200,58,58,19,,6
4,1,200,1,,,,,,,,,,,,,7,3,,,,,2,6,70,1000,60,60,10,,10
4,1,200,1,,,,,,,,,,,,,7,3,,,,,2,6,90,1000,70,70,19,,20
4,1,200,1,,,,,,,,,,,,,7,3,,,,,2,6,66,1000,62,62,26,,4
4,1,200,1,,,,,,,,,,,,,7,3,,,,,2,6,79,800,73,73,7,,6
4,1,200,1,,,,,,,,,,,,,7,4,,,,,5,6,95,1000,85,85,0,,10
4,1,200,1,,,,,,,,,,,,,7,4,,,,,5,6,62,800,42,42,0,,20
4,1,200,1,,,,,,,,,,,,,7,4,,,,,5,6,70,1000,60,60,10,,10
4,1,200,1,,,,,,,,,,,,,7,4,,,,,5,6,107,800,33,33,60,,74
4,1,200,1,,,,,,,,,,,,,7,4,,,,,5,6,68,1000,53,53,15,,15
4,1,200,1,,,,,,,,,,,,,7,2,,,,,1,6,53,800,42,42,3,,11
4,1,200,1,,,,,,,,,,,,,7,2,,,,,1,6,56,800,51,51,10,,5
4,1,200,1,,,,,,,,,,,,,7,2,,,,,1,6,40,600,24,24,10,,16
4,1,200,1,,,,,,,,,,,,,7,2,,,,,1,6,79,1400,63,63,0,,16
4,1,200,1,,,,,,,,,,,,,7,2,,,,,1,6,75,1400,64,64,5,,11
4,1,200,1,,,,,,,,,,,,,7,5,,,,,2,6,85,1800,67,67,11,,18
4,1,200,1,,,,,,,,,,,,,7,5,,,,,2,6,99,1200,83,83,26,,16
4,1,200,1,,,,,,,,,,,,,7,5,,,,,2,6,128,1200,84,84,26,,44
4,1,200,1,,,,,,,,,,,,,7,5,,,,,2,6,109,1200,71,71,27,,38
4,1,200,1,,,,,,,,,,,,,7,5,,,,,2,6,117,800,85,85,2,,32
4,1,200,1,,,,,,,,,,,,,7,6,,,,,,,89,800,89,89,36,,0
4,1,200,1,,,,,,,,,,,,,7,6,,,,,,,98,800,98,98,0,,0
4,1,200,1,,,,,,,,,,,,,7,6,,,,,,,131,1200,131,131,0,,0
4,1,200,1,,,,,,,,,,,,,7,6,,,,,,,78,600,78,78,28,,0
4,1,200,1,,,,,,,,,,,,,7,6,,,,,,,86,800,86,86,21,,0
4,1,200,1,,,,,,,,,,,,,7,8,,,,,2,12,74,800,74,74,10,,0
4,1,200,1,,,,,,,,,,,,,7,8,,,,,2,12,108,1000,108,108,0,,0
4,1,200,1,,,,,,,,,,,,,7,8,,,,,2,12,81,800,81,81,0,,0
4,1,200,1,,,,,,,,,,,,,7,8,,,,,2,12,102,1000,102,102,15,,0
4,1,200,1,,,,,,,,,,,,,7,8,,,,,2,12,93,800,93,93,0,,0
4,1,200,1,,,,,,,,,,,,,7,9,,,,,5,12,126,1000,116,116,0,,10
4,1,200,1,,,,,,,,,,,,,7,9,,,,,5,12,92,800,92,92,0,,0
4,1,200,1,,,,,,,,,,,,,7,9,,,,,5,12,106,1000,106,106,0,,0
4,1,200,1,,,,,,,,,,,,,7,9,,,,,5,12,83,800,83,83,28,,0
4,1,200,1,,,,,,,,,,,,,7,9,,,,,5,12,45,600,45,45,15,,0
4,1,200,1,,,,,,,,,,,,,7,7,,,,,1,12,91,1200,91,91,4,,0
4,1,200,1,,,,,,,,,,,,,7,7,,,,,1,12,83,1400,83,83,1,,0
4,1,200,1,,,,,,,,,,,,,7,7,,,,,1,12,60,1200,60,60,15,,0
4,1,200,1,,,,,,,,,,,,,7,7,,,,,1,12,94,1000,94,94,0,,0
4,1,200,1,,,,,,,,,,,,,7,7,,,,,1,12,75,1000,75,75,18,,0
4,1,200,1,,,,,,,,,,,,,7,10,,,,,2,12,76,600,76,76,7,,0
4,1,200,1,,,,,,,,,,,,,7,10,,,,,2,12,111,800,105,105,0,,6
4,1,200,1,,,,,,,,,,,,,7,10,,,,,2,12,86,600,76,76,0,,10
4,1,200,1,,,,,,,,,,,,,7,10,,,,,2,12,110,1000,106,106,0,,4
4,1,200,1,,,,,,,,,,,,,7,10,,,,,2,12,69,600,65,65,27,,4
4,1,200,1,,,,,,,,,,,,,7,11,,,,,,,49,600,49,49,0,,0
4,1,200,1,,,,,,,,,,,,,7,11,,,,,,,67,1000,67,67,0,,0
4,1,200,1,,,,,,,,,,,,,7,11,,,,,,,103,800,103,103,0,,0
4,1,200,1,,,,,,,,,,,,,7,11,,,,,,,92,800,92,92,0,,0
4,1,200,1,,,,,,,,,,,,,7,11,,,,,,,87,800,87,87,26,,0
4,1,200,1,,,,,,,,,,,,,7,13,,,,,2,18,55,400,55,55,17,,0
4,1,200,1,,,,,,,,,,,,,7,13,,,,,2,18,77,600,77,77,0,,0
4,1,200,1,,,,,,,,,,,,,7,13,,,,,2,18,52,400,52,52,22,,0
4,1,200,1,,,,,,,,,,,,,7,13,,,,,2,18,60,400,60,60,21,,0
4,1,200,1,,,,,,,,,,,,,7,13,,,,,2,18,49,400,49,49,23,,0
4,1,200,1,,,,,,,,,,,,,7,14,,,,,5,18,92,1000,92,92,34,,0
4,1,200,1,,,,,,,,,,,,,7,14,,,,,5,18,74,800,74,74,25,,0
4,1,200,1,,,,,,,,,,,,,7,14,,,,,5,18,104,1000,104,104,0,,0
4,1,200,1,,,,,,,,,,,,,7,14,,,,,5,18,26,400,26,26,14,,0
4,1,200,1,,,,,,,,,,,,,7,14,,,,,5,18,97,1000,97,97,9,,0
4,1,200,1,,,,,,,,,,,,,7,12,,,,,1,18,79,800,79,79,16,,0
4,1,200,1,,,,,,,,,,,,,7,12,,,,,1,18,98,1000,98,98,13,,0
4,1,200,1,,,,,,,,,,,,,7,12,,,,,1,18,49,600,49,49,25,,0
4,1,200,1,,,,,,,,,,,,,7,12,,,,,1,18,63,600,63,63,20,,0
4,1,200,1,,,,,,,,,,,,,7,12,,,,,1,18,57,600,57,57,0,,0
4,1,200,1,,,,,,,,,,,,,7,15,,,,,2,18,62,600,62,62,2,,0
4,1,200,1,,,,,,,,,,,,,7,15,,,,,2,18,73,800,73,73,2,,0
4,1,200,1,,,,,,,,,,,,,7,15,,,,,2,18,74,600,74,74,14,,0
4,1,200,1,,,,,,,,,,,,,7,15,,,,,2,18,62,800,62,62,33,,0
4,1,200,1,,,,,,,,,,,,,7,15,,,,,2,18,99,800,99,99,0,,0
4,1,200,1,,,,,,,,,,,,,7,16,,,,,,,81,600,81,81,0,,0
4,1,200,1,,,,,,,,,,,,,7,16,,,,,,,108,800,108,108,0,,0
4,1,200,1,,,,,,,,,,,,,7,16,,,,,,,64,600,64,64,0,,0
4,1,200,1,,,,,,,,,,,,,7,16,,,,,,,74,1000,74,74,20,,0
4,1,200,1,,,,,,,,,,,,,7,16,,,,,,,85,800,85,85,0,,0
4,1,200,1,,,,,,,,,,,,,7,18,,,,,2,6,86,600,74,74,0,,12
4,1,200,1,,,,,,,,,,,,,7,18,,,,,2,6,101,800,97,97,0,,4
4,1,200,1,,,,,,,,,,,,,7,18,,,,,2,6,65,800,65,65,0,,0
4,1,200,1,,,,,,,,,,,,,7,18,,,,,2,6,79,800,79,79,1,,0
4,1,200,1,,,,,,,,,,,,,7,18,,,,,2,6,83,800,81,81,1,,2
4,1,200,1,,,,,,,,,,,,,7,19,,,,,5,6,66,400,51,51,18,,15
4,1,200,1,,,,,,,,,,,,,7,19,,,,,5,6,125,1000,106,106,8,,19
4,1,200,1,,,,,,,,,,,,,7,19,,,,,5,6,86,600,86,86,20,,0
4,1,200,1,,,,,,,,,,,,,7,19,,,,,5,6,112,1000,112,112,0,,0
4,1,200,1,,,,,,,,,,,,,7,19,,,,,5,6,104,600,104,104,1,,0
4,1,200,1,,,,,,,,,,,,,7,17,,,,,1,6,93,800,91,91,4,,2
4,1,200,1,,,,,,,,,,,,,7,17,,,,,1,6,71,800,65,65,7,,6
4,1,200,1,,,,,,,,,,,,,7,17,,,,,1,6,90,800,89,89,0,,1
4,1,200,1,,,,,,,,,,,,,7,17,,,,,1,6,70,600,70,70,13,,0
4,1,200,1,,,,,,,,,,,,,7,17,,,,,1,6,64,800,60,60,8,,4
4,1,200,1,,,,,,,,,,,,,7,18,,,,,2,6,34,400,34,34,0,,0
4,1,200,1,,,,,,,,,,,,,7,18,,,,,2,6,53,600,47,47,1,,6
4,1,200,1,,,,,,,,,,,,,7,18,,,,,2,6,59,600,53,53,7,,6
4,1,200,1,,,,,,,,,,,,,7,18,,,,,2,6,63,600,61,61,0,,2
4,1,200,1,,,,,,,,,,,,,7,18,,,,,2,6,116,800,112,112,14,,4
4,1,200,1,,,,,,,,,,,,,7,20,,,,,,,37,400,37,37,0,,0
4,1,200,1,,,,,,,,,,,,,7,20,,,,,,,35,600,35,35,6,,0
4,1,200,1,,,,,,,,,,,,,7,20,,,,,,,52,800,52,52,0,,0
4,1,200,1,,,,,,,,,,,,,7,20,,,,,,,39,600,39,39,0,,0
4,1,200,1,,,,,,,,,,,,,7,20,,,,,,,45,600,45,45,3,,0
4,1,200,1,,,,,,,,,,,,,7,21,,,,,2,12,50,600,50,50,9,,0
4,1,200,1,,,,,,,,,,,,,7,21,,,,,2,12,78,800,72,72,0,,6
4,1,200,1,,,,,,,,,,,,,7,21,,,,,2,12,38,600,36,36,8,,2
4,1,200,1,,,,,,,,,,,,,7,21,,,,,2,12,35,600,35,35,3,,0
4,1,200,1,,,,,,,,,,,,,7,21,,,,,2,12,22,400,22,22,0,,0
5,1,100,1,1,1,,,,,,,,,,,,,,,,,,,132,2500,132,132,0,,
5,1,100,1,1,1,,,,,,,,,,,,,,,,,,,107,3500,107,107,5,,
5,1,100,1,1,1,,,,,,,,,,,,,,,,,,,126,2200,126,126,0,,
5,1,100,1,1,1,,,,,,,,,,,,,,,,,,,57,1600,57,57,1,,
5,1,100,1,1,1,,,,,,,,,,,,,,,,,,,75,1600,75,75,2,,
5,10,100,1,1,3,,,,,,,,,,,,,,,,,,,60,600,6,6,0,,
5,10,100,1,1,3,,,,,,,,,,,,,,,,,,,30,300,3,3,0,,
5,10,100,1,1,3,,,,,,,,,,,,,,,,,,,80,800,8,8,0,,
5,10,100,1,,,,,,,,,,,,,,,,,,,,,0,0,0,0,0,,
5,10,100,1,,,,,,,,,,,,,,,,,,,,,0,0,0,0,0,,
5,5,100,1,1,2,,,,,,,,,,,,,,,,,,,25,500,5,5,0,,
5,5,100,1,,,,,,,,,,,,,,,,,,,,,0,0,0,0,0,,
5,5,100,1,1,2,,,,,,,,,,,,,,,,,,,5,100,1,1,0,,
5,5,100,1,1,2,,,,,,,,,,,,,,,,,,,15,300,3,3,0,,
5,5,100,1,,,,,,,,,,,,,,,,,,,,,0,0,0,0,0,,
5,1,100,1,,,,,,,4,1,5,3,,,,,0,,,,,,2,200,2,2,0,,
5,1,100,1,,,,,,,4,1,5,3,,,,,0,,,,,,30,600,30,30,5,,
5,1,100,1,,,,,,,4,1,5,3,,,,,0,,,,,,9,400,9,9,0,,
5,1,100,1,,,,,,,4,1,5,3,,,,,0,,,,,,3,100,3,3,1,,
5,1,100,1,,,,,,,,,,,,,,,0,,,,,,0,0,0,0,1,,
5,1,50,1,,,,,,,,,5,2,,,,,,,,,,,120,1200,120,120,0,,
5,1,50,1,,,,,,,,,5,2,,,,,,,,,,,120,1050,120,120,0,,
5,1,50,1,,,,,,,,,5,2,,,,,,,,,,,121,750,121,121,0,,
5,1,50,1,,,,,,,,,5,2,,,,,,,,,,,125,850,125,125,0,,
5,1,50,1,,,,,,,,,5,2,,,,,,,,,,,120,850,120,120,0,,
5,1,25,1,,,,,,,,,5,1,,,,,,,,,,,120,1250,120,120,0,,
5,1,25,1,,,,,,,,,5,1,,,,,,,,,,,122,850,122,122,0,,
5,1,25,1,,,,,,,,,5,1,,,,,,,,,,,122,875,122,122,0,,
5,1,25,1,,,,,,,,,5,1,,,,,,,,,,,121,1175,121,121,0,,
5,1,25,1,,,,,,,,,5,1,,,,,,,,,,,125,925,125,125,0,,
5,1,50,2,,,,,3,2,,,,,,,,,,,,,,,102,900,102,51,9,,
5,1,50,2,,,,,3,2,,,,,,,,,,,,,,,10,200,10,5,0,,
5,1,50,2,,,,,3,2,,,,,,,,,,,,,,,110,1700,110,55,1,,
5,1,50,2,,,,,3,2,,,,,,,,,,,,,,,4,50,4,2,0,,
5,1,50,2,,,,,3,2,,,,,,,,,,,,,,,133,2550,133,66,1,,
5,1,50,5,,,,,,,,,,,,,,,,,,,,,0,0,0,0,0,,
5,1,50,5,,,,,3,3,,,,,,,,,,,,,,,5,50,5,1,2,,
5,1,50,5,,,,,3,3,,,,,,,,,,,,,,,15,150,15,3,1,,
5,1,50,5,,,,,3,3,,,,,,,,,,,,,,,50,400,50,10,0,,
5,1,50,5,,,,,,,,,,,,,,,,,,,,,0,0,0,0,0,,
5,1,50,1,,,,,3,1,,,,,,,,,,,,,,,126,550,126,126,0,,
5,1,50,1,,,,,3,1,,,,,,,,,,,,,,,102,550,102,102,2,,
5,1,50,1,,,,,3,1,,,,,,,,,,,,,,,125,1100,125,125,0,,
5,1,50,1,,,,,3,1,,,,,,,,,,,,,,,121,800,121,121,0,,
5,1,50,1,,,,,3,1,,,,,,,,,,,,,,,123,850,123,123,0,,
5,1,100,1,,,,,,,4,2,,,,,,,2,,,,,,115,800,131,131,2,,
5,1,100,1,,,,,,,4,2,,,,,,,2,,,,,,111,1100,133,133,2,,
5,1,100,1,,,,,,,4,2,,,,,,,2,,,,,,106,900,124,124,2,,
5,1,100,1,,,,,,,4,2,,,,,,,2,,,,,,96,1300,122,122,2,,
5,1,100,1,,,,,,,4,2,,,,,,,2,,,,,,118,700,132,132,2,,
5,1,100,1,,,,,,,4,3,,,,,,,5,,,,,,82,600,112,112,5,,
5,1,100,1,,,,,,,4,3,,,,,,,5,,,,,,78,900,123,123,5,,
5,1,100,1,,,,,,,4,3,,,,,,,5,,,,,,91,900,136,136,5,,
5,1,100,1,,,,,,,4,3,,,,,,,5,,,,,,92,700,127,127,5,,
5,1,100,1,,,,,,,4,3,,,,,,,5,,,,,,88,1000,138,138,5,,
5,1,100,1,,,,,,,4,4,,,,,,,10,,,,,,25,1100,135,135,10,,
5,1,100,1,,,,,,,4,4,,,,,,,10,,,,,,37,900,127,127,10,,
5,1,100,1,,,,,,,4,4,,,,,,,10,,,,,,47,800,127,127,10,,
5,1,100,1,,,,,,,4,4,,,,,,,10,,,,,,33,900,123,123,10,,
5,1,100,1,,,,,,,4,4,,,,,,,10,,,,,,13,700,83,83,10,,
5,1,100,1,,,,,,,4,5,,,,,,,5,,,,,,43,900,88,88,5,,
5,1,100,1,,,,,,,4,5,,,,,,,5,,,,,,33,400,53,53,11,,
5,1,100,1,,,,,,,4,5,,,,,,,5,,,,,,38,800,78,78,5,,
5,1,100,1,,,,,,,4,5,,,,,,,5,,,,,,74,1300,139,139,5,,
5,1,100,1,,,,,,,4,5,,,,,,,5,,,,,,12,400,32,32,8,,
5,1,100,1,,,2,1,,,,,,,,,,,,1,,,,,123,600,123,123,0,,
5,1,100,1,,,2,1,,,,,,,,,,,,1,,,,,150,600,150,150,0,,
5,1,100,1,,,2,1,,,,,,,,,,,,1,,,,,125,1000,125,125,0,,
5,1,100,1,,,2,1,,,,,,,,,,,,1,,,,,126,800,126,126,0,,
5,1,100,1,,,2,1,,,,,,,,,,,,1,,,,,129,900,129,129,0,,
5,1,100,1,,,2,3,,,,,,,,,,,,5,,,,,32,300,160,160,0,,
5,1,100,1,,,2,3,,,,,,,,,,,,5,,,,,27,300,135,135,0,,
5,1,100,1,,,2,3,,,,,,,,,,,,5,,,,,30,400,150,150,0,,
5,1,100,1,,,2,3,,,,,,,,,,,,5,,,,,31,400,155,155,0,,
5,1,100,1,,,2,3,,,,,,,,,,,,5,,,,,33,500,165,165,0,,
5,1,100,1,,,2,4,,,,,,,,,,,,10,,,,,12,200,120,120,0,,
5,1,100,1,,,2,4,,,,,,,,,,,,10,,,,,12,200,120,120,0,,
5,1,100,1,,,2,4,,,,,,,,,,,,10,,,,,12,200,120,120,0,,
5,1,100,1,,,2,4,,,,,,,,,,,,10,,,,,16,300,160,160,0,,
5,1,100,1,,,2,4,,,,,,,,,,,,10,,,,,16,300,160,160,0,,
5,1,100,1,,,2,2,,,,,,,,,,,,2,,,,,73,400,146,146,0,,
5,1,100,1,,,2,2,,,,,,,,,,,,2,,,,,71,400,142,142,0,,
5,1,100,1,,,2,2,,,,,,,,,,,,2,,,,,75,400,150,150,0,,
5,1,100,1,,,2,2,,,,,,,,,,,,2,,,,,23,200,46,46,42,,
5,1,100,1,,,2,2,,,,,,,,,,,,2,,,,,61,300,122,122,0,,
5,1,100,1,,,2,5,,,,,,,,,,,,5,,,,,30,300,150,150,0,,
5,1,100,1,,,2,5,,,,,,,,,,,,5,,,,,24,200,120,120,0,,
5,1,100,1,,,2,5,,,,,,,,,,,,5,,,,,28,300,140,140,0,,
5,1,100,1,,,2,5,,,,,,,,,,,,5,,,,,32,300,160,160,0,,
5,1,100,1,,,2,5,,,,,,,,,,,,5,,,,,24,200,120,120,0,,
5,1,100,1,,,,,,,,,,,6,1,,,,,,,,,64,500,64,64,9,0,
5,1,100,1,,,,,,,,,,,6,1,,,,,,,,,94,800,94,94,0,0,
5,1,100,1,,,,,,,,,,,6,1,,,,,,,,,102,800,102,102,0,0,
5,1,100,1,,,,,,,,,,,6,1,,,,,,,,,127,800,127,127,0,0,
5,1,100,1,,,,,,,,,,,6,1,,,,,,,,,119,900,119,119,0,0,
5,1,100,1,,,,,,,,,,,6,3,,,,,2,6,,,108,800,138,138,0,30,
5,1,100,1,,,,,,,,,,,6,3,,,,,2,6,,,76,700,94,94,0,18,
5,1,100,1,,,,,,,,,,,6,3,,,,,2,6,,,93,700,121,121,0,28,
5,1,100,1,,,,,,,,,,,6,3,,,,,2,6,,,92,600,122,122,0,30,
5,1,100,1,,,,,,,,,,,6,3,,,,,2,6,,,105,800,129,129,0,24,
5,1,100,1,,,,,,,,,,,6,4,,,,,5,6,,,31,300,147,147,0,116,
5,1,100,1,,,,,,,,,,,6,4,,,,,5,6,,,41,300,140,140,0,99,
5,1,100,1,,,,,,,,,,,6,4,,,,,5,6,,,21,100,21,21,0,0,
5,1,100,1,,,,,,,,,,,6,4,,,,,5,6,,,31,300,146,146,0,115,
5,1,100,1,,,,,,,,,,,6,4,,,,,5,6,,,20,100,20,20,1,0,
5,1,100,1,,,,,,,,,,,6,2,,,,,1,6,,,63,400,74,74,0,11,
5,1,100,1,,,,,,,,,,,6,2,,,,,1,6,,,54,400,75,75,5,21,
5,1,100,1,,,,,,,,,,,6,2,,,,,1,6,,,67,500,68,68,0,1,
5,1,100,1,,,,,,,,,,,6,2,,,,,1,6,,,37,300,42,42,1,5,
5,1,100,1,,,,,,,,,,,6,2,,,,,1,6,,,69,300,85,85,3,16,
5,1,100,1,,,,,,,,,,,6,5,,,,,2,6,,,45,300,71,71,0,26,
5,1,100,1,,,,,,,,,,,6,5,,,,,2,6,,,69,400,83,83,0,14,
5,1,100,1,,,,,,,,,,,6,5,,,,,2,6,,,24,100,24,24,2,0,
5,1,100,1,,,,,,,,,,,6,5,,,,,2,6,,,78,500,92,92,0,14,
5,1,100,1,,,,,,,,,,,6,5,,,,,2,6,,,44,400,98,98,0,54,
5,1,100,1,,,,,,,,,,,6,6,,,,,,,,,44,200,44,44,18,0,
5,1,100,1,,,,,,,,,,,6,6,,,,,,,,,26,100,26,26,0,0,
5,1,100,1,,,,,,,,,,,6,6,,,,,,,,,24,100,24,24,1,0,
5,1,100,1,,,,,,,,,,,6,6,,,,,,,,,129,500,129,129,0,0,
5,1,100,1,,,,,,,,,,,6,6,,,,,,,,,24,100,24,24,2,0,
5,1,100,1,,,,,,,,,,,6,8,,,,,2,12,,,101,500,133,133,0,32,
5,1,100,1,,,,,,,,,,,6,8,,,,,2,12,,,100,600,114,114,0,14,
5,1,100,1,,,,,,,,,,,6,8,,,,,2,12,,,117,800,141,141,0,24,
5,1,100,1,,,,,,,,,,,6,8,,,,,2,12,,,104,500,120,120,0,16,
5,1,100,1,,,,,,,,,,,6,8,,,,,2,12,,,133,900,141,141,0,8,
5,1,100,1,,,,,,,,,,,6,9,,,,,5,12,,,90,500,135,135,0,45,
5,1,100,1,,,,,,,,,,,6,9,,,,,5,12,,,100,500,130,130,0,30,
5,1,100,1,,,,,,,,,,,6,9,,,,,5,12,,,100,500,160,160,0,60,
5,1,100,1,,,,,,,,,,,6,9,,,,,5,12,,,39,200,39,39,7,0,
5,1,100,1,,,,,,,,,,,6,9,,,,,5,12,,,116,600,121,121,0,5,
5,1,100,1,,,,,,,,,,,6,7,,,,,1,12,,,30,100,30,30,2,0,
5,1,100,1,,,,,,,,,,,6,7,,,,,1,12,,,108,500,123,123,0,15,
5,1,100,1,,,,,,,,,,,6,7,,,,,1,12,,,27,100,27,27,2,0,
5,1,100,1,,,,,,,,,,,6,7,,,,,1,12,,,105,700,121,121,0,16,
5,1,100,1,,,,,,,,,,,6,7,,,,,1,12,,,119,800,124,124,0,5,
5,1,100,1,,,,,,,,,,,6,10,,,,,2,12,,,105,500,129,129,0,24,
5,1,100,1,,,,,,,,,,,6,10,,,,,2,12,,,84,300,136,136,0,52,
5,1,100,1,,,,,,,,,,,6,10,,,,,2,12,,,95,400,135,135,0,40,
5,1,100,1,,,,,,,,,,,6,10,,,,,2,12,,,102,300,158,158,0,56,
5,1,100,1,,,,,,,,,,,6,10,,,,,2,12,,,104,400,134,134,0,30,
5,1,100,1,,,,,,,,,,,6,11,,,,,,,,,126,500,126,126,0,0,
5,1,100,1,,,,,,,,,,,6,11,,,,,,,,,123,400,123,123,0,0,
5,1,100,1,,,,,,,,,,,6,11,,,,,,,,,121,600,121,121,0,0,
5,1,100,1,,,,,,,,,,,6,11,,,,,,,,,145,600,145,145,0,0,
5,1,100,1,,,,,,,,,,,6,11,,,,,,,,,138,700,138,138,0,0,
5,1,100,1,,,,,,,,,,,6,13,,,,,2,18,,,125,500,139,139,0,14,
5,1,100,1,,,,,,,,,,,6,13,,,,,2,18,,,116,500,126,126,0,10,
5,1,100,1,,,,,,,,,,,6,13,,,,,2,18,,,116,600,124,124,0,8,
5,1,100,1,,,,,,,,,,,6,13,,,,,2,18,,,127,400,135,135,0,8,
5,1,100,1,,,,,,,,,,,6,13,,,,,2,18,,,106,500,118,118,2,12,
5,1,100,1,,,,,,,,,,,6,14,,,,,5,18,,,77,300,137,137,0,60,
5,1,100,1,,,,,,,,,,,6,14,,,,,5,18,,,76,300,126,126,0,50,
5,1,100,1,,,,,,,,,,,6,14,,,,,5,18,,,89,300,154,154,0,65,
5,1,100,1,,,,,,,,,,,6,14,,,,,5,18,,,87,400,92,92,3,5,
5,1,100,1,,,,,,,,,,,6,14,,,,,5,18,,,104,400,124,124,0,20,
5,1,100,1,,,,,,,,,,,6,12,,,,,1,18,,,118,300,123,123,0,5,
5,1,100,1,,,,,,,,,,,6,12,,,,,1,18,,,89,300,105,105,10,16,
5,1,100,1,,,,,,,,,,,6,12,,,,,1,18,,,116,400,119,119,12,3,
5,1,100,1,,,,,,,,,,,6,12,,,,,1,18,,,149,600,151,151,0,2,
5,1,100,1,,,,,,,,,,,6,12,,,,,1,18,,,135,500,142,142,0,7,
5,1,100,1,,,,,,,,,,,6,15,,,,,2,18,,,95,300,95,95,0,0,
5,1,100,1,,,,,,,,,,,6,15,,,,,2,18,,,127,500,129,129,0,2,
5,1,100,1,,,,,,,,,,,6,15,,,,,2,18,,,83,200,89,89,0,6,
5,1,100,1,,,,,,,,,,,6,15,,,,,2,18,,,122,300,134,134,0,12,
5,1,100,1,,,,,,,,,,,6,15,,,,,2,18,,,58,200,106,106,14,48,
5,1,100,1,,,,,,,,,,,6,16,,,,,,,,,51,200,51,51,0,0,
5,1,100,1,,,,,,,,,,,6,16,,,,,,,,,70,300,70,70,0,0,
5,1,100,1,,,,,,,,,,,6,16,,,,,,,,,105,700,105,105,0,0,
5,1,100,1,,,,,,,,,,,6,16,,,,,,,,,91,300,91,91,1,0,
5,1,100,1,,,,,,,,,,,6,16,,,,,,,,,132,700,132,132,0,0,
5,1,100,1,,,,,,,,,,,6,18,,,,,2,6,,,55,400,98,98,2,43,
5,1,100,1,,,,,,,,,,,6,18,,,,,2,6,,,64,200,113,113,1,49,
5,1,100,1,,,,,,,,,,,6,18,,,,,2,6,,,72,400,137,137,19,65,
5,1,100,1,,,,,,,,,,,6,18,,,,,2,6,,,59,400,103,103,0,44,
5,1,100,1,,,,,,,,,,,6,18,,,,,2,6,,,61,200,89,89,0,28,
5,1,100,1,,,,,,,,,,,6,19,,,,,5,6,,,33,200,120,120,0,87,
5,1,100,1,,,,,,,,,,,6,19,,,,,5,6,,,31,200,120,120,0,89,
5,1,100,1,,,,,,,,,,,6,19,,,,,5,6,,,29,200,105,105,5,76,
5,1,100,1,,,,,,,,,,,6,19,,,,,5,6,,,52,200,120,120,0,68,
5,1,100,1,,,,,,,,,,,6,19,,,,,5,6,,,32,200,105,105,5,73,
5,1,100,1,,,,,,,,,,,6,17,,,,,1,6,,,54,300,79,79,0,25,
5,1,100,1,,,,,,,,,,,6,17,,,,,1,6,,,25,100,40,40,0,15,
5,1,100,1,,,,,,,,,,,6,17,,,,,1,6,,,95,400,124,124,0,29,
5,1,100,1,,,,,,,,,,,6,17,,,,,1,6,,,24,200,50,50,27,26,
5,1,100,1,,,,,,,,,,,6,17,,,,,1,6,,,92,500,136,136,0,44,
5,1,100,1,,,,,,,,,,,,,,,,,2,6,,,79,500,123,123,0,44,
5,1,100,1,,,,,,,,,,,,,,,,,2,6,,,32,300,108,108,3,76,
5,1,100,1,,,,,,,,,,,,,,,,,2,6,,,79,400,143,143,0,64,
5,1,100,1,,,,,,,,,,,,,,,,,2,6,,,26,200,68,68,0,42,
5,1,100,1,,,,,,,,,,,,,,,,,2,6,,,83,500,108,108,11,25,
5,1,100,1,,,,,,,,,,,,,,,,,5,6,,,28,200,120,120,0,92,
5,1,100,1,,,,,,,,,,,,,,,,,5,6,,,54,300,152,152,0,98,
5,1,100,1,,,,,,,,,,,,,,,,,5,6,,,30,200,120,120,0,90,
5,1,100,1,,,,,,,,,,,,,,,,,5,6,,,74,400,124,124,0,50,
5,1,100,1,,,,,,,,,,,,,,,,,5,6,,,63,400,160,160,0,97,
5,1,100,1,,,,,,,,,,,,,7,1,,,,,,,125,900,125,125,0,,0
5,1,100,1,,,,,,,,,,,,,7,1,,,,,,,130,700,130,130,0,,0
5,1,100,1,,,,,,,,,,,,,7,1,,,,,,,123,600,123,123,0,,0
5,1,100,1,,,,,,,,,,,,,7,1,,,,,,,124,500,124,124,0,,0
5,1,100,1,,,,,,,,,,,,,7,1,,,,,,,131,800,131,131,0,,0
5,1,100,1,,,,,,,,,,,,,7,3,,,,,2,6,219,500,129,129,0,,90
5,1,100,1,,,,,,,,,,,,,7,3,,,,,2,6,219,400,135,135,0,,84
5,1,100,1,,,,,,,,,,,,,7,3,,,,,2,6,181,500,127,127,0,,54
5,1,100,1,,,,,,,,,,,,,7,3,,,,,2,6,171,700,127,127,0,,44
5,1,100,1,,,,,,,,,,,,,7,3,,,,,2,6,193,700,137,137,0,,56
5,1,100,1,,,,,,,,,,,,,7,4,,,,,5,6,255,1100,125,125,0,,130
5,1,100,1,,,,,,,,,,,,,7,4,,,,,5,6,295,1100,140,140,0,,155
5,1,100,1,,,,,,,,,,,,,7,4,,,,,5,6,337,900,137,137,0,,200
5,1,100,1,,,,,,,,,,,,,7,4,,,,,5,6,285,600,121,121,0,,164
5,1,100,1,,,,,,,,,,,,,7,4,,,,,5,6,214,800,124,124,0,,90
5,1,100,1,,,,,,,,,,,,,7,2,,,,,1,6,137,500,120,120,0,,17
5,1,100,1,,,,,,,,,,,,,7,2,,,,,1,6,141,600,122,122,0,,19
5,1,100,1,,,,,,,,,,,,,7,2,,,,,1,6,151,600,121,121,0,,30
5,1,100,1,,,,,,,,,,,,,7,2,,,,,1,6,174,600,136,136,0,,38
5,1,100,1,,,,,,,,,,,,,7,2,,,,,1,6,140,600,122,122,0,,18
5,1,100,1,,,,,,,,,,,,,7,5,,,,,2,6,225,400,143,143,0,,82
5,1,100,1,,,,,,,,,,,,,7,5,,,,,2,6,142,200,100,100,0,,42
5,1,100,1,,,,,,,,,,,,,7,5,,,,,2,6,187,300,129,129,0,,58
5,1,100,1,,,,,,,,,,,,,7,5,,,,,2,6,110,200,94,94,0,,16
5,1,100,1,,,,,,,,,,,,,7,5,,,,,2,6,197,200,97,97,4,,100
5,1,100,1,,,,,,,,,,,,,7,6,,,,,,,99,300,99,99,1,,0
5,1,100,1,,,,,,,,,,,,,7,6,,,,,,,120,300,120,120,0,,0
5,1,100,1,,,,,,,,,,,,,7,6,,,,,,,140,400,140,140,0,,0
5,1,100,1,,,,,,,,,,,,,7,6,,,,,,,60,100,60,60,4,,0
5,1,100,1,,,,,,,,,,,,,7,6,,,,,,,122,500,122,122,0,,0
5,1,100,1,,,,,,,,,,,,,7,8,,,,,2,12,188,400,144,144,0,,44
5,1,100,1,,,,,,,,,,,,,7,8,,,,,2,12,161,500,125,125,0,,36
5,1,100,1,,,,,,,,,,,,,7,8,,,,,2,12,199,500,129,129,0,,70
5,1,100,1,,,,,,,,,,,,,7,8,,,,,2,12,160,500,134,134,21,,26
5,1,100,1,,,,,,,,,,,,,7,8,,,,,2,12,196,500,126,126,0,,70
5,1,100,1,,,,,,,,,,,,,7,9,,,,,5,12,234,1000,149,149,0,,85
5,1,100,1,,,,,,,,,,,,,7,9,,,,,5,12,175,600,140,140,0,,35
5,1,100,1,,,,,,,,,,,,,7,9,,,,,5,12,181,1100,126,126,0,,55
5,1,100,1,,,,,,,,,,,,,7,9,,,,,5,12,66,300,36,36,0,,30
5,1,100,1,,,,,,,,,,,,,7,9,,,,,5,12,145,800,125,125,0,,20
5,1,100,1,,,,,,,,,,,,,7,7,,,,,1,12,171,500,137,137,0,,34
5,1,100,1,,,,,,,,,,,,,7,7,,,,,1,12,133,400,115,115,1,,18
5,1,100,1,,,,,,,,,,,,,7,7,,,,,1,12,68,200,67,67,6,,1
5,1,100,1,,,,,,,,,,,,,7,7,,,,,1,12,124,600,116,116,1,,8
5,1,100,1,,,,,,,,,,,,,7,7,,,,,1,12,111,400,98,98,11,,13
5,1,100,1,,,,,,,,,,,,,7,10,,,,,2,12,123,400,95,95,1,,28
5,1,100,1,,,,,,,,,,,,,7,10,,,,,2,12,89,400,85,85,0,,4
5,1,100,1,,,,,,,,,,,,,7,10,,,,,2,12,51,300,47,47,0,,4
5,1,100,1,,,,,,,,,,,,,7,10,,,,,2,12,111,400,81,81,0,,30
5,1,100,1,,,,,,,,,,,,,7,10,,,,,2,12,35,100,35,35,2,,0
5,1,100,1,,,,,,,,,,,,,7,11,,,,,,,76,600,76,76,0,,0
5,1,100,1,,,,,,,,,,,,,7,11,,,,,,,24,100,24,24,0,,0
5,1,100,1,,,,,,,,,,,,,7,11,,,,,,,28,100,28,28,0,,0
5,1,100,1,,,,,,,,,,,,,7,11,,,,,,,51,200,51,51,0,,0
5,1,100,1,,,,,,,,,,,,,7,11,,,,,,,21,100,21,21,3,,0
5,1,100,1,,,,,,,,,,,,,7,13,,,,,2,18,134,900,132,132,0,,2
5,1,100,1,,,,,,,,,,,,,7,13,,,,,2,18,101,700,101,101,1,,0
5,1,100,1,,,,,,,,,,,,,,,,,,,2,18,0,0,0,0,13,,0
5,1,100,1,,,,,,,,,,,,,7,13,,,,,2,18,129,700,127,127,0,,2
5,1,100,1,,,,,,,,,,,,,,,,,,,2,18,0,0,0,0,1,,0
5,1,100,1,,,,,,,,,,,,,7,14,,,,,5,18,84,200,59,59,4,,25
5,1,100,1,,,,,,,,,,,,,7,14,,,,,5,18,81,300,71,71,0,,10
5,1,100,1,,,,,,,,,,,,,7,14,,,,,5,18,80,300,80,80,0,,0
5,1,100,1,,,,,,,,,,,,,7,14,,,,,5,18,30,100,30,30,18,,0
5,1,100,1,,,,,,,,,,,,,7,14,,,,,5,18,76,300,76,76,12,,0
5,1,100,1,,,,,,,,,,,,,7,12,,,,,1,18,33,100,31,31,6,,2
5,1,100,1,,,,,,,,,,,,,7,12,,,,,1,18,23,100,23,23,0,,0
5,1,100,1,,,,,,,,,,,,,7,12,,,,,1,18,29,100,28,28,5,,1
5,1,100,1,,,,,,,,,,,,,7,12,,,,,1,18,34,100,34,34,0,,0
5,1,100,1,,,,,,,,,,,,,7,12,,,,,1,18,32,100,32,32,0,,0
5,1,100,1,,,,,,,,,,,,,,,,,,,2,18,0,0,0,0,1,,0
5,1,100,1,,,,,,,,,,,,,,,,,,,2,18,0,0,0,0,0,,0
5,1,100,1,,,,,,,,,,,,,,,,,,,2,18,0,0,0,0,2,,0
5,1,100,1,,,,,,,,,,,,,,,,,,,2,18,0,0,0,0,4,,0
5,1,100,1,,,,,,,,,,,,,,,,,,,2,18,0,0,0,0,0,,0
5,1,100,1,,,,,,,,,,,,,,,,,,,,,0,0,0,0,0,,0
5,1,100,1,,,,,,,,,,,,,,,,,,,,,0,0,0,0,9,,0
5,1,100,1,,,,,,,,,,,,,7,16,,,,,,,23,100,23,23,0,,0
5,1,100,1,,,,,,,,,,,,,,,,,,,,,0,0,0,0,11,,0
5,1,100,1,,,,,,,,,,,,,,,,,,,,,0,0,0,0,1,,0
5,1,100,1,,,,,,,,,,,,,,,,,,,2,6,0,0,0,0,0,,0
5,1,100,1,,,,,,,,,,,,,,,,,,,2,6,0,0,0,0,4,,4
5,1,100,1,,,,,,,,,,,,,,,,,,,2,6,0,0,0,0,3,,0
5,1,100,1,,,,,,,,,,,,,,,,,,,2,6,0,0,0,0,4,,0
5,1,100,1,,,,,,,,,,,,,,,,,,,2,6,0,0,0,0,0,,0
5,1,100,1,,,,,,,,,,,,,,,,,,,5,6,0,0,0,0,1,,0
5,1,100,1,,,,,,,,,,,,,,,,,,,5,6,0,0,0,0,0,,0
5,1,100,1,,,,,,,,,,,,,,,,,,,5,6,0,0,0,0,3,,0
5,1,100,1,,,,,,,,,,,,,,,,,,,5,6,0,0,0,0,2,,15
5,1,100,1,,,,,,,,,,,,,,,,,,,5,6,0,0,0,0,0,,0
6,1,100,1,1,1,,,,,,,,,,,,,,,,,,,62,800,62,62,13,,
6,1,100,1,1,1,,,,,,,,,,,,,,,,,,,60,100,60,60,0,,
6,1,100,1,1,1,,,,,,,,,,,,,,,,,,,74,200,74,74,60,,
6,1,100,1,,,,,,,,,,,,,,,,,,,,,0,0,0,0,60,,
6,1,100,1,1,1,,,,,,,,,,,,,,,,,,,138,400,138,138,0,,
6,10,100,1,1,3,,,,,,,,,,,,,,,,,,,140,1100,14,14,1,,
6,10,100,1,1,3,,,,,,,,,,,,,,,,,,,40,400,4,4,0,,
6,10,100,1,1,3,,,,,,,,,,,,,,,,,,,120,1100,12,12,0,,
6,10,100,1,1,3,,,,,,,,,,,,,,,,,,,40,400,4,4,0,,
6,10,100,1,1,3,,,,,,,,,,,,,,,,,,,160,1500,16,16,0,,
6,5,100,1,1,2,,,,,,,,,,,,,,,,,,,90,800,18,18,1,,
6,5,100,1,1,2,,,,,,,,,,,,,,,,,,,55,200,11,11,1,,
6,5,100,1,1,2,,,,,,,,,,,,,,,,,,,115,400,23,23,7,,
6,5,100,1,1,2,,,,,,,,,,,,,,,,,,,175,900,35,35,0,,
6,5,100,1,1,2,,,,,,,,,,,,,,,,,,,185,1400,37,37,1,,
6,2,100,1,,,,,,,,,5,2,,,,,,,,,,,63,600,63,63,18,,
6,2,100,1,,,,,,,,,5,2,,,,,,,,,,,73,800,73,73,0,,
6,2,100,1,,,,,,,,,5,2,,,,,,,,,,,84,700,84,84,6,,
6,2,100,1,,,,,,,,,5,2,,,,,,,,,,,98,600,98,98,11,,
6,2,100,1,,,,,,,,,5,2,,,,,,,,,,,107,800,107,107,0,,
6,2,50,1,,,,,,,,,5,1,,,,,,,,,,,49,1700,49,49,0,,
6,2,50,1,,,,,,,,,5,1,,,,,,,,,,,45,1450,45,45,0,,
6,2,50,1,,,,,,,,,5,1,,,,,,,,,,,20,600,20,20,1,,
6,2,50,1,,,,,,,,,5,1,,,,,,,,,,,41,1200,41,41,0,,
6,2,50,1,,,,,,,,,5,1,,,,,,,,,,,35,1200,35,35,0,,
6,2,200,1,,,,,,,,,5,3,,,,,,,,,,,62,600,62,62,36,,
6,2,200,1,,,,,,,,,5,3,,,,,,,,,,,59,400,59,59,0,,
6,2,200,1,,,,,,,,,5,3,,,,,,,,,,,69,800,69,69,28,,
6,2,200,1,,,,,,,,,5,3,,,,,,,,,,,39,600,39,39,20,,
6,2,200,1,,,,,,,,,5,3,,,,,,,,,,,42,1200,42,42,6,,
6,1,200,1,,,,,3,1,,,,,,,,,,,,,,,120,400,120,120,0,,
6,1,200,1,,,,,3,1,,,,,,,,,,,,,,,120,400,120,120,0,,
6,1,200,1,,,,,3,1,,,,,,,,,,,,,,,120,400,120,120,0,,
6,1,200,1,,,,,3,1,,,,,,,,,,,,,,,85,400,85,85,60,,
6,1,200,1,,,,,3,1,,,,,,,,,,,,,,,120,400,120,120,0,,
6,1,200,2,,,,,3,2,,,,,,,,,,,,,,,60,200,60,30,49,,
6,1,200,2,,,,,3,2,,,,,,,,,,,,,,,60,200,60,30,47,,
6,1,200,2,,,,,3,2,,,,,,,,,,,,,,,112,400,112,56,32,,
6,1,200,2,,,,,3,2,,,,,,,,,,,,,,,68,400,68,34,44,,
6,1,200,2,,,,,3,2,,,,,,,,,,,,,,,94,400,94,47,22,,
6,1,200,5,,,,,,,,,,,,,,,,,,,,,0,0,0,0,3,,
6,1,200,5,,,,,3,3,,,,,,,,,,,,,,,10,200,10,2,8,,
6,1,200,5,,,,,,,,,,,,,,,,,,,,,0,0,0,0,2,,
6,1,200,5,,,,,,,,,,,,,,,,,,,,,0,0,0,0,12,,
6,1,200,5,,,,,,,,,,,,,,,,,,,,,0,0,0,0,25,,
6,1,200,1,,,,,,,4,1,,,,,,,0,,,,,,51,600,51,51,1,,
6,1,200,1,,,,,,,4,1,,,,,,,0,,,,,,25,600,25,25,10,,
6,1,200,1,,,,,,,4,1,,,,,,,0,,,,,,33,600,33,33,7,,
6,1,200,1,,,,,,,4,1,,,,,,,0,,,,,,23,400,23,23,4,,
6,1,200,1,,,,,,,4,1,,,,,,,0,,,,,,36,600,36,36,15,,
6,1,200,1,,,,,,,4,3,,,,,,,5,,,,,,54,400,64,64,8,,
6,1,200,1,,,,,,,4,3,,,,,,,5,,,,,,54,400,64,64,11,,
6,1,200,1,,,,,,,4,3,,,,,,,5,,,,,,29,200,34,34,11,,
6,1,200,1,,,,,,,4,3,,,,,,,5,,,,,,53,400,63,63,8,,
6,1,200,1,,,,,,,4,3,,,,,,,5,,,,,,71,400,81,81,6,,
6,1,200,1,,,,,,,4,4,,,,,,,10,,,,,,27,400,47,47,10,,
6,1,200,1,,,,,,,4,4,,,,,,,10,,,,,,14,200,24,24,14,,
6,1,200,1,,,,,,,4,4,,,,,,,10,,,,,,40,400,60,60,10,,
6,1,200,1,,,,,,,4,4,,,,,,,10,,,,,,20,200,30,30,25,,
6,1,200,1,,,,,,,4,4,,,,,,,10,,,,,,29,200,39,39,15,,
6,1,200,1,,,,,,,4,2,,,,,,,2,,,,,,20,200,22,22,7,,
6,1,200,1,,,,,,,4,2,,,,,,,2,,,,,,56,400,60,60,4,,
6,1,200,1,,,,,,,4,2,,,,,,,2,,,,,,36,200,38,38,32,,
6,1,200,1,,,,,,,4,2,,,,,,,2,,,,,,18,200,20,20,60,,
6,1,200,1,,,,,,,4,2,,,,,,,2,,,,,,52,200,54,54,29,,
6,1,200,1,,,,,,,4,5,,,,,,,5,,,,,,12,400,22,22,7,,
6,1,200,1,,,,,,,4,5,,,,,,,5,,,,,,9,200,14,14,5,,
6,1,200,1,,,,,,,4,5,,,,,,,5,,,,,,8,200,13,13,6,,
6,1,200,1,,,,,,,4,5,,,,,,,5,,,,,,12,600,27,27,5,,
6,1,200,1,,,2,1,,,,,,,,,,,,1,,,,,37,200,37,37,8,,
6,1,200,1,,,2,1,,,,,,,,,,,,1,,,,,30,200,30,30,20,,
6,1,200,1,,,2,1,,,,,,,,,,,,1,,,,,32,200,32,32,6,,
6,1,200,1,,,2,1,,,,,,,,,,,,1,,,,,28,200,28,28,1,,
6,1,200,1,,,2,1,,,,,,,,,,,,1,,,,,58,200,58,58,2,,
6,1,200,1,,,2,3,,,,,,,,,,,,5,,,,,12,200,60,60,50,,
6,1,200,1,,,2,3,,,,,,,,,,,,5,,,,,12,200,60,60,60,,
6,1,200,1,,,2,3,,,,,,,,,,,,5,,,,,12,200,60,60,40,,
6,1,200,1,,,2,3,,,,,,,,,,,,5,,,,,12,200,60,60,60,,
6,1,200,1,,,2,3,,,,,,,,,,,,5,,,,,12,200,60,60,5,,
6,1,200,1,,,2,4,,,,,,,,,,,,10,,,,,6,200,60,60,60,,
6,1,200,1,,,2,4,,,,,,,,,,,,10,,,,,6,200,60,60,30,,
6,1,200,1,,,2,4,,,,,,,,,,,,10,,,,,6,200,60,60,40,,
6,1,200,1,,,2,4,,,,,,,,,,,,10,,,,,6,200,60,60,10,,
6,1,200,1,,,2,4,,,,,,,,,,,,10,,,,,6,200,60,60,60,,
6,1,200,1,,,2,2,,,,,,,,,,,,2,,,,,30,200,60,60,2,,
6,1,200,1,,,2,2,,,,,,,,,,,,2,,,,,22,200,44,44,8,,
6,1,200,1,,,2,2,,,,,,,,,,,,2,,,,,30,200,60,60,0,,
6,1,200,1,,,2,2,,,,,,,,,,,,2,,,,,30,200,60,60,16,,
6,1,200,1,,,2,2,,,,,,,,,,,,2,,,,,30,200,60,60,10,,
6,1,200,1,,,2,5,,,,,,,,,,,,5,,,,,12,200,60,60,5,,
6,1,200,1,,,,,,,,,,,,,,,,5,,,,,0,0,0,0,60,,
6,1,200,1,,,2,5,,,,,,,,,,,,5,,,,,12,200,60,60,0,,
6,1,200,1,,,,,,,,,,,,,,,,5,,,,,0,0,0,0,60,,
6,1,200,1,,,2,5,,,,,,,,,,,,5,,,,,12,200,60,60,15,,
6,1,200,1,,,,,,,,,,,6,1,,,,,,,,,60,200,60,60,3,0,
6,1,200,1,,,,,,,,,,,6,1,,,,,,,,,60,200,60,60,8,0,
6,1,200,1,,,,,,,,,,,6,1,,,,,,,,,60,200,60,60,9,0,
6,1,200,1,,,,,,,,,,,,,,,,,,,,,0,0,0,0,60,,
6,1,200,1,,,,,,,,,,,6,1,,,,,,,,,51,200,51,51,12,0,
6,1,200,1,,,,,,,,,,,6,3,,,,,2,6,,,27,200,60,60,36,33,
6,1,200,1,,,,,,,,,,,6,3,,,,,2,6,,,15,200,60,60,60,45,
6,1,200,1,,,,,,,,,,,6,3,,,,,2,6,,,52,200,60,60,60,8,
6,1,200,1,,,,,,,,,,,6,3,,,,,2,6,,,26,200,60,60,60,34,
6,1,200,1,,,,,,,,,,,6,3,,,,,2,6,,,43,200,49,49,60,6,
6,1,200,1,,,,,,,,,,,,,,,,,5,6,,,0,0,0,0,60,,
6,1,200,1,,,,,,,,,,,,,,,,,5,6,,,0,0,0,0,60,,
6,1,200,1,,,,,,,,,,,6,4,,,,,5,6,,,33,200,60,60,60,27,
6,1,200,1,,,,,,,,,,,6,4,,,,,5,6,,,27,200,60,60,2,33,
6,1,200,1,,,,,,,,,,,,,,,,,5,6,,,0,0,0,0,60,,
6,1,200,1,,,,,,,,,,,,,,,,,1,6,,,0,0,0,0,60,,
6,1,200,1,,,,,,,,,,,,,,,,,1,6,,,0,0,0,0,60,,
6,1,200,1,,,,,,,,,,,,,,,,,1,6,,,0,0,0,0,60,,
6,1,200,1,,,,,,,,,,,,,,,,,1,6,,,0,0,0,0,2,,
6,1,200,1,,,,,,,,,,,,,,,,,1,6,,,0,0,0,0,2,,
6,1,200,1,,,,,,,,,,,6,5,,,,,2,6,,,39,200,60,60,55,21,
6,1,200,1,,,,,,,,,,,6,5,,,,,2,6,,,103,600,175,175,0,72,
6,1,200,1,,,,,,,,,,,6,5,,,,,2,6,,,57,600,72,72,21,15,
6,1,200,1,,,,,,,,,,,6,5,,,,,2,6,,,113,600,133,133,0,20,
6,1,200,1,,,,,,,,,,,6,5,,,,,2,6,,,42,600,108,108,0,66,
6,1,200,1,,,,,,,,,,,6,6,,,,,,,,,120,400,120,120,0,0,
6,1,200,1,,,,,,,,,,,6,6,,,,,,,,,120,400,120,120,0,0,
6,1,200,1,,,,,,,,,,,6,6,,,,,,,,,60,200,60,60,5,0,
6,1,200,1,,,,,,,,,,,6,6,,,,,,,,,60,200,60,60,7,0,
6,1,200,1,,,,,,,,,,,6,6,,,,,,,,,60,200,60,60,0,0,
6,1,200,1,,,,,,,,,,,6,8,,,,,2,12,,,38,200,58,58,7,20,
6,1,200,1,,,,,,,,,,,6,8,,,,,2,12,,,44,400,44,44,0,0,
6,1,200,1,,,,,,,,,,,6,8,,,,,2,12,,,15,200,27,27,8,12,
6,1,200,1,,,,,,,,,,,6,8,,,,,2,12,,,60,200,60,60,0,0,
6,1,200,1,,,,,,,,,,,,,,,,,2,12,,,0,0,0,0,18,,
6,1,200,1,,,,,,,,,,,6,9,,,,,5,12,,,9,200,9,9,1,0,
6,1,200,1,,,,,,,,,,,6,9,,,,,5,12,,,28,200,60,60,60,32,
6,1,200,1,,,,,,,,,,,6,9,,,,,5,12,,,17,200,60,60,8,43,
6,1,200,1,,,,,,,,,,,,,,,,,5,12,,,0,0,0,0,4,,
6,1,200,1,,,,,,,,,,,6,9,,,,,5,12,,,60,200,60,60,9,0,
6,1,200,1,,,,,,,,,,,6,7,,,,,1,12,,,13,200,60,60,0,47,
6,1,200,1,,,,,,,,,,,,,,,,,1,12,,,0,0,0,0,60,,
6,1,200,1,,,,,,,,,,,6,7,,,,,1,12,,,16,200,16,16,3,0,
6,1,200,1,,,,,,,,,,,6,7,,,,,1,12,,,28,800,28,28,0,0,
6,1,200,1,,,,,,,,,,,6,7,,,,,1,12,,,27,200,38,38,7,11,
6,1,200,1,,,,,,,,,,,6,10,,,,,2,12,,,10,200,57,57,60,47,
6,1,200,1,,,,,,,,,,,6,10,,,,,2,12,,,20,200,56,56,60,36,
6,1,200,1,,,,,,,,,,,6,10,,,,,2,12,,,53,400,105,105,9,52,
6,1,200,1,,,,,,,,,,,6,10,,,,,2,12,,,26,200,49,49,60,23,
6,1,200,1,,,,,,,,,,,6,10,,,,,2,12,,,44,200,60,60,30,16,
6,1,200,1,,,,,,,,,,,6,11,,,,,,,,,27,200,27,27,1,0,
6,1,200,1,,,,,,,,,,,,,,,,,,,,,0,0,0,0,17,,
6,1,200,1,,,,,,,,,,,6,11,,,,,,,,,31,200,31,31,2,0,
6,1,200,1,,,,,,,,,,,6,11,,,,,,,,,4,400,4,4,0,0,
6,1,200,1,,,,,,,,,,,6,11,,,,,,,,,34,200,34,34,11,0,
6,1,200,1,,,,,,,,,,,6,13,,,,,2,18,,,11,200,11,11,2,0,
6,1,200,1,,,,,,,,,,,6,13,,,,,2,18,,,35,200,35,35,14,0,
6,1,200,1,,,,,,,,,,,6,13,,,,,2,18,,,50,200,60,60,2,10,
6,1,200,1,,,,,,,,,,,,,,,,,2,18,,,0,0,0,0,1,,
6,1,200,1,,,,,,,,,,,6,13,,,,,2,18,,,7,200,60,60,60,53,
6,1,200,1,,,,,,,,,,,6,14,,,,,5,18,,,19,200,60,60,46,41,
6,1,200,1,,,,,,,,,,,6,14,,,,,5,18,,,45,200,60,60,12,15,
6,1,200,1,,,,,,,,,,,6,14,,,,,5,18,,,38,200,60,60,7,22,
6,1,200,1,,,,,,,,,,,6,14,,,,,5,18,,,35,200,60,60,60,25,
6,1,200,1,,,,,,,,,,,6,14,,,,,5,18,,,45,200,60,60,1,15,
6,1,200,1,,,,,,,,,,,6,12,,,,,1,18,,,49,200,49,49,14,0,
6,1,200,1,,,,,,,,,,,6,12,,,,,1,18,,,56,200,60,60,10,4,
6,1,200,1,,,,,,,,,,,6,12,,,,,1,18,,,38,200,38,38,8,0,
6,1,200,1,,,,,,,,,,,6,12,,,,,1,18,,,34,400,34,34,3,0,
6,1,200,1,,,,,,,,,,,6,12,,,,,1,18,,,37,200,55,55,35,18,
6,1,200,1,,,,,,,,,,,,,,,,,2,18,,,0,0,0,0,4,,
6,1,200,1,,,,,,,,,,,,,,,,,2,18,,,0,0,0,0,11,,
6,1,200,1,,,,,,,,,,,,,,,,,2,18,,,0,0,0,0,3,,
6,1,200,1,,,,,,,,,,,,,,,,,2,18,,,0,0,0,0,3,,
6,1,200,1,,,,,,,,,,,,,,,,,2,18,,,0,0,0,0,8,,
6,1,200,1,,,,,,,,,,,6,16,,,,,,,,,60,200,60,60,7,0,
6,1,200,1,,,,,,,,,,,6,16,,,,,,,,,10,200,10,10,9,0,
6,1,200,1,,,,,,,,,,,6,16,,,,,,,,,41,200,41,41,10,0,
6,1,200,1,,,,,,,,,,,6,16,,,,,,,,,46,200,46,46,2,0,
6,1,200,1,,,,,,,,,,,6,16,,,,,,,,,34,200,34,34,13,0,
6,1,200,1,,,,,,,,,,,6,18,,,,,2,6,,,13,200,60,60,60,47,
6,1,200,1,,,,,,,,,,,6,18,,,,,2,6,,,8,200,60,60,60,52,
6,1,200,1,,,,,,,,,,,6,18,,,,,2,6,,,42,200,60,60,1,18,
6,1,200,1,,,,,,,,,,,,,,,,,2,6,,,0,0,0,0,9,,
6,1,200,1,,,,,,,,,,,6,18,,,,,2,6,,,14,200,60,60,0,46,
6,1,200,1,,,,,,,,,,,6,19,,,,,5,6,,,75,400,110,110,1,35,
6,1,200,1,,,,,,,,,,,6,19,,,,,5,6,,,18,200,60,60,60,42,
6,1,200,1,,,,,,,,,,,6,19,,,,,5,6,,,24,200,60,60,0,36,
6,1,200,1,,,,,,,,,,,6,19,,,,,5,6,,,19,200,60,60,60,41,
6,1,200,1,,,,,,,,,,,6,19,,,,,5,6,,,34,200,60,60,60,26,
6,1,200,1,,,,,,,,,,,,,,,,,2,6,,,60,200,60,60,1,0,
6,1,200,1,,,,,,,,,,,,,,,,,2,6,,,11,200,60,60,60,49,
6,1,200,1,,,,,,,,,,,,,,,,,2,6,,,10,200,60,60,60,50,
6,1,200,1,,,,,,,,,,,,,,,,,2,6,,,60,200,60,60,2,0,
6,1,200,1,,,,,,,,,,,,,,,,,2,6,,,10,200,60,60,60,50,
6,1,200,1,,,,,,,,,,,6,17,,,,,1,6,,,20,400,120,120,0,100,
6,1,200,1,,,,,,,,,,,6,17,,,,,1,6,,,18,400,120,120,0,102,
6,1,200,1,,,,,,,,,,,6,17,,,,,1,6,,,22,400,54,54,45,32,
6,1,200,1,,,,,,,,,,,6,17,,,,,1,6,,,40,200,60,60,40,20,
6,1,200,1,,,,,,,,,,,6,17,,,,,1,6,,,29,200,36,36,60,7,
6,1,200,1,,,,,,,,,,,,,,,,,5,6,,,7,200,60,60,60,53,
6,1,200,1,,,,,,,,,,,,,,,,,5,6,,,0,0,0,0,60,,
6,1,200,1,,,,,,,,,,,,,,,,,5,6,,,6,200,60,60,3,54,
6,1,200,1,,,,,,,,,,,,,,,,,5,6,,,0,0,0,0,60,,
6,1,200,1,,,,,,,,,,,,,,,,,5,6,,,0,0,0,0,60,,
6,1,200,1,,,,,,,,,,,,,7,1,,,,,,,55,200,55,55,8,,0
6,1,200,1,,,,,,,,,,,,,7,1,,,,,,,60,200,60,60,1,,0
6,1,200,1,,,,,,,,,,,,,7,1,,,,,,,60,200,60,60,7,,0
6,1,200,1,,,,,,,,,,,,,7,1,,,,,,,43,200,43,43,1,,0
6,1,200,1,,,,,,,,,,,,,7,1,,,,,,,60,200,60,60,25,,0
6,1,100,1,,,,,,,,,,,,,7,3,,,,,2,6,110,100,22,22,4,,88
6,1,100,1,,,,,,,,,,,,,7,3,,,,,2,6,134,100,56,56,4,,78
6,1,100,1,,,,,,,,,,,,,7,3,,,,,2,6,64,100,54,54,4,,10
6,1,100,1,,,,,,,,,,,,,7,3,,,,,2,6,60,100,60,60,4,,0
6,1,100,1,,,,,,,,,,,,,7,3,,,,,2,6,106,100,40,40,4,,66
6,1,100,1,,,,,,,,,,,,,7,4,,,,,5,6,15,900,15,15,1,,0
6,1,100,1,,,,,,,,,,,,,7,4,,,,,5,6,9,100,4,4,0,,5
6,1,100,1,,,,,,,,,,,,,7,4,,,,,5,6,45,100,30,30,2,,15
6,1,100,1,,,,,,,,,,,,,7,4,,,,,5,6,8,300,8,8,1,,0
6,1,100,1,,,,,,,,,,,,,7,4,,,,,5,6,38,200,13,13,1,,25
6,1,100,1,,,,,,,,,,,,,7,2,,,,,1,6,22,100,22,22,13,,0
6,1,100,1,,,,,,,,,,,,,7,2,,,,,1,6,56,200,38,38,8,,18
6,1,100,1,,,,,,,,,,,,,7,2,,,,,1,6,39,200,24,24,8,,15
6,1,100,1,,,,,,,,,,,,,7,2,,,,,1,6,35,500,16,16,2,,19
6,1,100,1,,,,,,,,,,,,,7,2,,,,,1,6,92,500,76,76,6,,16
6,1,100,1,,,,,,,,,,,,,7,5,,,,,2,6,33,300,19,19,5,,14
6,1,100,1,,,,,,,,,,,,,7,5,,,,,2,6,34,100,12,12,13,,22
6,1,100,1,,,,,,,,,,,,,7,5,,,,,2,6,35,100,35,35,3,,0
6,1,100,1,,,,,,,,,,,,,7,5,,,,,2,6,19,200,15,15,0,,4
6,1,100,1,,,,,,,,,,,,,7,5,,,,,2,6,13,100,13,13,1,,0
6,1,100,1,,,,,,,,,,,,,7,6,,,,,,,11,700,11,11,1,,0
6,1,100,1,,,,,,,,,,,,,7,6,,,,,,,6,100,6,6,0,,0
6,1,100,1,,,,,,,,,,,,,7,6,,,,,,,11,100,11,11,0,,0
6,1,100,1,,,,,,,,,,,,,7,6,,,,,,,3,100,3,3,4,,0
6,1,100,1,,,,,,,,,,,,,7,6,,,,,,,7,100,7,7,0,,0
6,1,100,1,,,,,,,,,,,,,7,8,,,,,2,12,14,1000,14,14,2,,0
6,1,100,1,,,,,,,,,,,,,7,8,,,,,2,12,6,100,6,6,1,,0
6,1,100,1,,,,,,,,,,,,,7,8,,,,,2,12,9,100,9,9,0,,0
6,1,100,1,,,,,,,,,,,,,7,8,,,,,2,12,7,500,7,7,0,,0
6,1,100,1,,,,,,,,,,,,,7,8,,,,,2,12,12,100,12,12,3,,0
6,1,100,1,,,,,,,,,,,,,7,9,,,,,5,12,85,300,45,45,0,,40
6,1,100,1,,,,,,,,,,,,,7,9,,,,,5,12,90,300,35,35,0,,55
6,1,100,1,,,,,,,,,,,,,7,9,,,,,5,12,69,400,34,34,1,,35
6,1,100,1,,,,,,,,,,,,,7,9,,,,,5,12,18,300,18,18,0,,0
6,1,100,1,,,,,,,,,,,,,7,9,,,,,5,12,39,600,24,24,1,,15
6,1,100,1,,,,,,,,,,,,,7,7,,,,,1,12,21,200,19,19,14,,2
6,1,100,1,,,,,,,,,,,,,7,7,,,,,1,12,27,200,18,18,11,,9
6,1,100,1,,,,,,,,,,,,,7,7,,,,,1,12,26,200,25,25,4,,1
6,1,100,1,,,,,,,,,,,,,7,7,,,,,1,12,97,100,14,14,18,,83
6,1,100,1,,,,,,,,,,,,,7,7,,,,,1,12,22,100,22,22,2,,0
6,1,100,1,,,,,,,,,,,,,7,10,,,,,,,60,100,60,60,23,,0
6,1,100,1,,,,,,,,,,,,,,,,,,,,,0,0,0,0,4,,0
6,1,100,1,,,,,,,,,,,,,7,10,,,,,,,52,100,52,52,13,,0
6,1,100,1,,,,,,,,,,,,,7,10,,,,,,,53,100,53,53,34,,0
6,1,100,1,,,,,,,,,,,,,7,10,,,,,,,16,500,16,16,1,,0
6,1,100,1,,,,,,,,,,,,,7,13,,,,,2,18,58,100,18,18,16,,40
6,1,100,1,,,,,,,,,,,,,7,13,,,,,2,18,27,200,21,21,23,,6
6,1,100,1,,,,,,,,,,,,,7,13,,,,,2,18,6,300,6,6,0,,0
6,1,100,1,,,,,,,,,,,,,,,,,,,2,18,0,0,0,0,0,,0
6,1,100,1,,,,,,,,,,,,,7,13,,,,,2,18,8,100,8,8,0,,0